
 /----------------------------------------------------------------------------\
 |                                                                            |
 |  yosys -- Yosys Open SYnthesis Suite                                       |
 |                                                                            |
 |  Copyright (C) 2012 - 2020  Claire Xenia Wolf <claire@yosyshq.com>         |
 |                                                                            |
 |  Permission to use, copy, modify, and/or distribute this software for any  |
 |  purpose with or without fee is hereby granted, provided that the above    |
 |  copyright notice and this permission notice appear in all copies.         |
 |                                                                            |
 |  THE SOFTWARE IS PROVIDED "AS IS" AND THE AUTHOR DISCLAIMS ALL WARRANTIES  |
 |  WITH REGARD TO THIS SOFTWARE INCLUDING ALL IMPLIED WARRANTIES OF          |
 |  MERCHANTABILITY AND FITNESS. IN NO EVENT SHALL THE AUTHOR BE LIABLE FOR   |
 |  ANY SPECIAL, DIRECT, INDIRECT, OR CONSEQUENTIAL DAMAGES OR ANY DAMAGES    |
 |  WHATSOEVER RESULTING FROM LOSS OF USE, DATA OR PROFITS, WHETHER IN AN     |
 |  ACTION OF CONTRACT, NEGLIGENCE OR OTHER TORTIOUS ACTION, ARISING OUT OF   |
 |  OR IN CONNECTION WITH THE USE OR PERFORMANCE OF THIS SOFTWARE.            |
 |                                                                            |
 \----------------------------------------------------------------------------/

 Yosys 0.33 (git sha1 2584903a060)


-- Executing script file `lut2synthesis.ys' --

1. Executing Verilog-2005 frontend: Controller.v
Parsing Verilog input from `Controller.v' to AST representation.
Generating RTLIL representation for module `\HashGeneratorController'.
Successfully finished Verilog frontend.

2. Executing Verilog-2005 frontend: Datapath.v
Parsing Verilog input from `Datapath.v' to AST representation.
Generating RTLIL representation for module `\HashGeneratorDatapath'.
Successfully finished Verilog frontend.

3. Executing Verilog-2005 frontend: HashGeneratorRTL.v
Parsing Verilog input from `HashGeneratorRTL.v' to AST representation.
Generating RTLIL representation for module `\HashGenerator'.
Successfully finished Verilog frontend.

4. Executing Verilog-2005 frontend: lib.v
Parsing Verilog input from `lib.v' to AST representation.
Generating RTLIL representation for module `\MemoryBlock'.
Generating RTLIL representation for module `\Counter'.
Generating RTLIL representation for module `\UpDownCounter'.
Generating RTLIL representation for module `\Register'.
Generating RTLIL representation for module `\Decoder'.
Generating RTLIL representation for module `\ShiftRegister'.
Generating RTLIL representation for module `\Adder'.
Generating RTLIL representation for module `\Alu'.
Generating RTLIL representation for module `\Multiplexer'.
Successfully finished Verilog frontend.

5. Executing Verilog-2005 frontend: Multiplier.v
Parsing Verilog input from `Multiplier.v' to AST representation.
Generating RTLIL representation for module `\Multiplier'.
Successfully finished Verilog frontend.

6. Executing Verilog-2005 frontend: RandomGenerator.v
Parsing Verilog input from `RandomGenerator.v' to AST representation.
Generating RTLIL representation for module `\RandomGenerator'.
Successfully finished Verilog frontend.

7. Executing Verilog-2005 frontend: RandomGeneratorController.v
Parsing Verilog input from `RandomGeneratorController.v' to AST representation.
Generating RTLIL representation for module `\RandomGeneratorController'.
Successfully finished Verilog frontend.

8. Executing Verilog-2005 frontend: RandomGeneratorDatapath.v
Parsing Verilog input from `RandomGeneratorDatapath.v' to AST representation.
Generating RTLIL representation for module `\RandomGeneratorDatapath'.
Successfully finished Verilog frontend.

9. Executing HIERARCHY pass (managing design hierarchy).

9.1. Analyzing design hierarchy..
Top module:  \HashGenerator
Used module:     \RandomGenerator
Used module:         \RandomGeneratorController
Used module:         \RandomGeneratorDatapath
Used module:             \Counter
Used module:     \HashGeneratorController
Used module:     \HashGeneratorDatapath
Used module:         \Multiplexer
Used module:         \Register
Used module:         \Adder
Used module:         \Multiplier
Used module:         \MemoryBlock
Parameter \INP_NUMBER = 2
Parameter \SIZE = 4

9.2. Executing AST frontend in derive mode using pre-parsed AST for module `\Multiplexer'.
Parameter \INP_NUMBER = 2
Parameter \SIZE = 4
Generating RTLIL representation for module `$paramod$5f368456077bda0fb16ab169bfb20bf49ef8cf83\Multiplexer'.
Parameter \INP_NUMBER = 2
Parameter \SIZE = 4
Found cached RTLIL representation for module `$paramod$5f368456077bda0fb16ab169bfb20bf49ef8cf83\Multiplexer'.
Parameter \INP_NUMBER = 2
Parameter \SIZE = 4
Found cached RTLIL representation for module `$paramod$5f368456077bda0fb16ab169bfb20bf49ef8cf83\Multiplexer'.
Parameter \INP_NUMBER = 2
Parameter \SIZE = 4
Found cached RTLIL representation for module `$paramod$5f368456077bda0fb16ab169bfb20bf49ef8cf83\Multiplexer'.
Parameter \INP_NUMBER = 4
Parameter \SIZE = 4

9.3. Executing AST frontend in derive mode using pre-parsed AST for module `\Multiplexer'.
Parameter \INP_NUMBER = 4
Parameter \SIZE = 4
Generating RTLIL representation for module `$paramod$b1e9bc664985af85ddb5a48d9981682e71437672\Multiplexer'.
Parameter 1 (\SIZE) = 4

9.4. Executing AST frontend in derive mode using pre-parsed AST for module `\Register'.
Parameter 1 (\SIZE) = 4
Generating RTLIL representation for module `$paramod\Register\SIZE=s32'00000000000000000000000000000100'.
Parameter 1 (\SIZE) = 4
Found cached RTLIL representation for module `$paramod\Register\SIZE=s32'00000000000000000000000000000100'.
Parameter 1 (\SIZE) = 4
Found cached RTLIL representation for module `$paramod\Register\SIZE=s32'00000000000000000000000000000100'.
Parameter 1 (\SIZE) = 4
Found cached RTLIL representation for module `$paramod\Register\SIZE=s32'00000000000000000000000000000100'.
Parameter \SIZE = 4

9.5. Executing AST frontend in derive mode using pre-parsed AST for module `\Adder'.
Parameter \SIZE = 4
Generating RTLIL representation for module `$paramod\Adder\SIZE=s32'00000000000000000000000000000100'.
Parameter \INP_NUMBER = 2
Parameter \SIZE = 4
Found cached RTLIL representation for module `$paramod$5f368456077bda0fb16ab169bfb20bf49ef8cf83\Multiplexer'.
Parameter \INP_NUMBER = 2
Parameter \SIZE = 4
Found cached RTLIL representation for module `$paramod$5f368456077bda0fb16ab169bfb20bf49ef8cf83\Multiplexer'.
Parameter \INP_NUMBER = 4
Parameter \SIZE = 4
Found cached RTLIL representation for module `$paramod$b1e9bc664985af85ddb5a48d9981682e71437672\Multiplexer'.
Parameter \SIZE = 2

9.6. Executing AST frontend in derive mode using pre-parsed AST for module `\Counter'.
Parameter \SIZE = 2
Generating RTLIL representation for module `$paramod\Counter\SIZE=s32'00000000000000000000000000000010'.
Parameter \WIDTH = 4

9.7. Executing AST frontend in derive mode using pre-parsed AST for module `\Multiplier'.
Parameter \WIDTH = 4
Generating RTLIL representation for module `$paramod\Multiplier\WIDTH=s32'00000000000000000000000000000100'.
Parameter \INP_NUMBER = 2
Parameter \SIZE = 4
Found cached RTLIL representation for module `$paramod$5f368456077bda0fb16ab169bfb20bf49ef8cf83\Multiplexer'.
Parameter \SIZE = 4
Found cached RTLIL representation for module `$paramod\Register\SIZE=s32'00000000000000000000000000000100'.
Parameter \SIZE = 6

9.8. Executing AST frontend in derive mode using pre-parsed AST for module `\Counter'.
Parameter \SIZE = 6
Generating RTLIL representation for module `$paramod\Counter\SIZE=s32'00000000000000000000000000000110'.
Parameter \INP_NUMBER = 4
Parameter \SIZE = 4
Found cached RTLIL representation for module `$paramod$b1e9bc664985af85ddb5a48d9981682e71437672\Multiplexer'.
Parameter \SIZE = 4
Found cached RTLIL representation for module `$paramod\Register\SIZE=s32'00000000000000000000000000000100'.
Parameter \SIZE = 4
Found cached RTLIL representation for module `$paramod\Register\SIZE=s32'00000000000000000000000000000100'.
Parameter \SIZE = 4
Found cached RTLIL representation for module `$paramod\Register\SIZE=s32'00000000000000000000000000000100'.
Parameter \SIZE = 4
Found cached RTLIL representation for module `$paramod\Register\SIZE=s32'00000000000000000000000000000100'.
Parameter \WIDTH = 4
Parameter \HEIGHT = 64

9.9. Executing AST frontend in derive mode using pre-parsed AST for module `\MemoryBlock'.
Parameter \WIDTH = 4
Parameter \HEIGHT = 64
Generating RTLIL representation for module `$paramod$10b09dea94229e10dedb4811fe2b67d0472a9ba8\MemoryBlock'.
Parameter \SIZE = 128

9.10. Executing AST frontend in derive mode using pre-parsed AST for module `\HashGeneratorDatapath'.
Parameter \SIZE = 128
Generating RTLIL representation for module `$paramod\HashGeneratorDatapath\SIZE=s32'00000000000000000000000010000000'.
Parameter \SIZE = 3

9.11. Executing AST frontend in derive mode using pre-parsed AST for module `\Counter'.
Parameter \SIZE = 3
Generating RTLIL representation for module `$paramod\Counter\SIZE=s32'00000000000000000000000000000011'.

9.12. Analyzing design hierarchy..
Top module:  \HashGenerator
Used module:     \RandomGenerator
Used module:         \RandomGeneratorController
Used module:         \RandomGeneratorDatapath
Used module:             $paramod\Counter\SIZE=s32'00000000000000000000000000000011
Used module:     \HashGeneratorController
Used module:     $paramod\HashGeneratorDatapath\SIZE=s32'00000000000000000000000010000000
Used module:         \Multiplexer
Used module:         \Register
Used module:         \Adder
Used module:         \Counter
Used module:         \Multiplier
Used module:         \MemoryBlock
Parameter \INP_NUMBER = 2
Parameter \SIZE = 32

9.13. Executing AST frontend in derive mode using pre-parsed AST for module `\Multiplexer'.
Parameter \INP_NUMBER = 2
Parameter \SIZE = 32
Generating RTLIL representation for module `$paramod$07a05a8e97bfd10b63d62e10998c9e84f939df0a\Multiplexer'.
Parameter \INP_NUMBER = 2
Parameter \SIZE = 32
Found cached RTLIL representation for module `$paramod$07a05a8e97bfd10b63d62e10998c9e84f939df0a\Multiplexer'.
Parameter \INP_NUMBER = 2
Parameter \SIZE = 32
Found cached RTLIL representation for module `$paramod$07a05a8e97bfd10b63d62e10998c9e84f939df0a\Multiplexer'.
Parameter \INP_NUMBER = 2
Parameter \SIZE = 32
Found cached RTLIL representation for module `$paramod$07a05a8e97bfd10b63d62e10998c9e84f939df0a\Multiplexer'.
Parameter \INP_NUMBER = 4
Parameter \SIZE = 32

9.14. Executing AST frontend in derive mode using pre-parsed AST for module `\Multiplexer'.
Parameter \INP_NUMBER = 4
Parameter \SIZE = 32
Generating RTLIL representation for module `$paramod$6bbfd4b9c6bbd8b8029f9f6b747e0ddd70349be3\Multiplexer'.
Parameter 1 (\SIZE) = 32

9.15. Executing AST frontend in derive mode using pre-parsed AST for module `\Register'.
Parameter 1 (\SIZE) = 32
Generating RTLIL representation for module `$paramod\Register\SIZE=s32'00000000000000000000000000100000'.
Parameter 1 (\SIZE) = 32
Found cached RTLIL representation for module `$paramod\Register\SIZE=s32'00000000000000000000000000100000'.
Parameter 1 (\SIZE) = 32
Found cached RTLIL representation for module `$paramod\Register\SIZE=s32'00000000000000000000000000100000'.
Parameter 1 (\SIZE) = 32
Found cached RTLIL representation for module `$paramod\Register\SIZE=s32'00000000000000000000000000100000'.
Parameter \SIZE = 32

9.16. Executing AST frontend in derive mode using pre-parsed AST for module `\Adder'.
Parameter \SIZE = 32
Generating RTLIL representation for module `$paramod\Adder\SIZE=s32'00000000000000000000000000100000'.
Parameter \INP_NUMBER = 2
Parameter \SIZE = 32
Found cached RTLIL representation for module `$paramod$07a05a8e97bfd10b63d62e10998c9e84f939df0a\Multiplexer'.
Parameter \INP_NUMBER = 2
Parameter \SIZE = 32
Found cached RTLIL representation for module `$paramod$07a05a8e97bfd10b63d62e10998c9e84f939df0a\Multiplexer'.
Parameter \INP_NUMBER = 4
Parameter \SIZE = 32
Found cached RTLIL representation for module `$paramod$6bbfd4b9c6bbd8b8029f9f6b747e0ddd70349be3\Multiplexer'.
Parameter \SIZE = 2
Found cached RTLIL representation for module `$paramod\Counter\SIZE=s32'00000000000000000000000000000010'.
Parameter \WIDTH = 32

9.17. Executing AST frontend in derive mode using pre-parsed AST for module `\Multiplier'.
Parameter \WIDTH = 32
Generating RTLIL representation for module `$paramod\Multiplier\WIDTH=s32'00000000000000000000000000100000'.
Parameter \INP_NUMBER = 2
Parameter \SIZE = 32
Found cached RTLIL representation for module `$paramod$07a05a8e97bfd10b63d62e10998c9e84f939df0a\Multiplexer'.
Parameter \SIZE = 32
Found cached RTLIL representation for module `$paramod\Register\SIZE=s32'00000000000000000000000000100000'.
Parameter \SIZE = 6
Found cached RTLIL representation for module `$paramod\Counter\SIZE=s32'00000000000000000000000000000110'.
Parameter \INP_NUMBER = 4
Parameter \SIZE = 32
Found cached RTLIL representation for module `$paramod$6bbfd4b9c6bbd8b8029f9f6b747e0ddd70349be3\Multiplexer'.
Parameter \SIZE = 32
Found cached RTLIL representation for module `$paramod\Register\SIZE=s32'00000000000000000000000000100000'.
Parameter \SIZE = 32
Found cached RTLIL representation for module `$paramod\Register\SIZE=s32'00000000000000000000000000100000'.
Parameter \SIZE = 32
Found cached RTLIL representation for module `$paramod\Register\SIZE=s32'00000000000000000000000000100000'.
Parameter \SIZE = 32
Found cached RTLIL representation for module `$paramod\Register\SIZE=s32'00000000000000000000000000100000'.
Parameter \WIDTH = 32
Parameter \HEIGHT = 64

9.18. Executing AST frontend in derive mode using pre-parsed AST for module `\MemoryBlock'.
Parameter \WIDTH = 32
Parameter \HEIGHT = 64
Generating RTLIL representation for module `$paramod$265594dfef13cc9ce39f8657188d42484a49f5ec\MemoryBlock'.

9.19. Analyzing design hierarchy..
Top module:  \HashGenerator
Used module:     \RandomGenerator
Used module:         \RandomGeneratorController
Used module:         \RandomGeneratorDatapath
Used module:             $paramod\Counter\SIZE=s32'00000000000000000000000000000011
Used module:     \HashGeneratorController
Used module:     $paramod\HashGeneratorDatapath\SIZE=s32'00000000000000000000000010000000
Used module:         $paramod$07a05a8e97bfd10b63d62e10998c9e84f939df0a\Multiplexer
Used module:         $paramod$6bbfd4b9c6bbd8b8029f9f6b747e0ddd70349be3\Multiplexer
Used module:         $paramod\Register\SIZE=s32'00000000000000000000000000100000
Used module:         $paramod\Adder\SIZE=s32'00000000000000000000000000100000
Used module:         $paramod\Counter\SIZE=s32'00000000000000000000000000000010
Used module:         $paramod\Multiplier\WIDTH=s32'00000000000000000000000000100000
Used module:         $paramod\Counter\SIZE=s32'00000000000000000000000000000110
Used module:         $paramod$265594dfef13cc9ce39f8657188d42484a49f5ec\MemoryBlock

9.20. Analyzing design hierarchy..
Top module:  \HashGenerator
Used module:     \RandomGenerator
Used module:         \RandomGeneratorController
Used module:         \RandomGeneratorDatapath
Used module:             $paramod\Counter\SIZE=s32'00000000000000000000000000000011
Used module:     \HashGeneratorController
Used module:     $paramod\HashGeneratorDatapath\SIZE=s32'00000000000000000000000010000000
Used module:         $paramod$07a05a8e97bfd10b63d62e10998c9e84f939df0a\Multiplexer
Used module:         $paramod$6bbfd4b9c6bbd8b8029f9f6b747e0ddd70349be3\Multiplexer
Used module:         $paramod\Register\SIZE=s32'00000000000000000000000000100000
Used module:         $paramod\Adder\SIZE=s32'00000000000000000000000000100000
Used module:         $paramod\Counter\SIZE=s32'00000000000000000000000000000010
Used module:         $paramod\Multiplier\WIDTH=s32'00000000000000000000000000100000
Used module:         $paramod\Counter\SIZE=s32'00000000000000000000000000000110
Used module:         $paramod$265594dfef13cc9ce39f8657188d42484a49f5ec\MemoryBlock
Removing unused module `$paramod$10b09dea94229e10dedb4811fe2b67d0472a9ba8\MemoryBlock'.
Removing unused module `$paramod\Multiplier\WIDTH=s32'00000000000000000000000000000100'.
Removing unused module `$paramod\Adder\SIZE=s32'00000000000000000000000000000100'.
Removing unused module `$paramod\Register\SIZE=s32'00000000000000000000000000000100'.
Removing unused module `$paramod$b1e9bc664985af85ddb5a48d9981682e71437672\Multiplexer'.
Removing unused module `$paramod$5f368456077bda0fb16ab169bfb20bf49ef8cf83\Multiplexer'.
Removing unused module `\Multiplier'.
Removing unused module `\Multiplexer'.
Removing unused module `\Alu'.
Removing unused module `\Adder'.
Removing unused module `\ShiftRegister'.
Removing unused module `\Decoder'.
Removing unused module `\Register'.
Removing unused module `\UpDownCounter'.
Removing unused module `\Counter'.
Removing unused module `\MemoryBlock'.
Removing unused module `\HashGeneratorDatapath'.
Removed 17 unused modules.

10. Executing SYNTH pass.

10.1. Executing HIERARCHY pass (managing design hierarchy).

10.1.1. Analyzing design hierarchy..
Top module:  \HashGenerator
Used module:     \RandomGenerator
Used module:         \RandomGeneratorController
Used module:         \RandomGeneratorDatapath
Used module:             $paramod\Counter\SIZE=s32'00000000000000000000000000000011
Used module:     \HashGeneratorController
Used module:     $paramod\HashGeneratorDatapath\SIZE=s32'00000000000000000000000010000000
Used module:         $paramod$07a05a8e97bfd10b63d62e10998c9e84f939df0a\Multiplexer
Used module:         $paramod$6bbfd4b9c6bbd8b8029f9f6b747e0ddd70349be3\Multiplexer
Used module:         $paramod\Register\SIZE=s32'00000000000000000000000000100000
Used module:         $paramod\Adder\SIZE=s32'00000000000000000000000000100000
Used module:         $paramod\Counter\SIZE=s32'00000000000000000000000000000010
Used module:         $paramod\Multiplier\WIDTH=s32'00000000000000000000000000100000
Used module:         $paramod\Counter\SIZE=s32'00000000000000000000000000000110
Used module:         $paramod$265594dfef13cc9ce39f8657188d42484a49f5ec\MemoryBlock

10.1.2. Analyzing design hierarchy..
Top module:  \HashGenerator
Used module:     \RandomGenerator
Used module:         \RandomGeneratorController
Used module:         \RandomGeneratorDatapath
Used module:             $paramod\Counter\SIZE=s32'00000000000000000000000000000011
Used module:     \HashGeneratorController
Used module:     $paramod\HashGeneratorDatapath\SIZE=s32'00000000000000000000000010000000
Used module:         $paramod$07a05a8e97bfd10b63d62e10998c9e84f939df0a\Multiplexer
Used module:         $paramod$6bbfd4b9c6bbd8b8029f9f6b747e0ddd70349be3\Multiplexer
Used module:         $paramod\Register\SIZE=s32'00000000000000000000000000100000
Used module:         $paramod\Adder\SIZE=s32'00000000000000000000000000100000
Used module:         $paramod\Counter\SIZE=s32'00000000000000000000000000000010
Used module:         $paramod\Multiplier\WIDTH=s32'00000000000000000000000000100000
Used module:         $paramod\Counter\SIZE=s32'00000000000000000000000000000110
Used module:         $paramod$265594dfef13cc9ce39f8657188d42484a49f5ec\MemoryBlock
Removed 0 unused modules.

10.2. Executing PROC pass (convert processes to netlists).

10.2.1. Executing PROC_CLEAN pass (remove empty switches from decision trees).
Cleaned up 0 empty switches.

10.2.2. Executing PROC_RMDEAD pass (remove dead branches from decision trees).
Marked 1 switch rules as full_case in process $proc$RandomGeneratorController.v:52$269 in module RandomGeneratorController.
Marked 1 switch rules as full_case in process $proc$RandomGeneratorController.v:33$268 in module RandomGeneratorController.
Marked 1 switch rules as full_case in process $proc$RandomGeneratorController.v:26$267 in module RandomGeneratorController.
Marked 2 switch rules as full_case in process $proc$lib.v:107$499 in module $paramod\Counter\SIZE=s32'00000000000000000000000000000011.
Marked 1 switch rules as full_case in process $proc$lib.v:79$575 in module $paramod$265594dfef13cc9ce39f8657188d42484a49f5ec\MemoryBlock.
Marked 2 switch rules as full_case in process $proc$lib.v:107$288 in module $paramod\Counter\SIZE=s32'00000000000000000000000000000110.
Marked 2 switch rules as full_case in process $proc$lib.v:107$284 in module $paramod\Counter\SIZE=s32'00000000000000000000000000000010.
Marked 1 switch rules as full_case in process $proc$lib.v:186$508 in module $paramod\Register\SIZE=s32'00000000000000000000000000100000.
Marked 2 switch rules as full_case in process $proc$RandomGeneratorDatapath.v:32$273 in module RandomGeneratorDatapath.
Marked 1 switch rules as full_case in process $proc$Controller.v:80$3 in module HashGeneratorController.
Marked 1 switch rules as full_case in process $proc$Controller.v:51$2 in module HashGeneratorController.
Marked 1 switch rules as full_case in process $proc$Controller.v:42$1 in module HashGeneratorController.
Removed a total of 0 dead cases.

10.2.3. Executing PROC_PRUNE pass (remove redundant assignments in processes).
Removed 0 redundant assignments.
Promoted 88 assignments to connections.

10.2.4. Executing PROC_INIT pass (extract init attributes).

10.2.5. Executing PROC_ARST pass (detect async resets in processes).
Found async reset \rst in `\RandomGeneratorController.$proc$RandomGeneratorController.v:26$267'.
Found async reset \rst in `$paramod\Counter\SIZE=s32'00000000000000000000000000000011.$proc$lib.v:107$499'.
Found async reset \rst in `$paramod\Counter\SIZE=s32'00000000000000000000000000000110.$proc$lib.v:107$288'.
Found async reset \rst in `$paramod\Counter\SIZE=s32'00000000000000000000000000000010.$proc$lib.v:107$284'.
Found async reset \rst in `\RandomGeneratorDatapath.$proc$RandomGeneratorDatapath.v:32$273'.
Found async reset \rst in `\HashGeneratorController.$proc$Controller.v:42$1'.

10.2.6. Executing PROC_ROM pass (convert switches to ROMs).
Converted 1 switch.
<suppressed ~14 debug messages>

10.2.7. Executing PROC_MUX pass (convert decision trees to multiplexers).
Creating decoders for process `\RandomGeneratorController.$proc$RandomGeneratorController.v:52$269'.
     1/1: $1\ns[2:0]
Creating decoders for process `\RandomGeneratorController.$proc$RandomGeneratorController.v:33$268'.
     1/5: $1\shiftP1[0:0]
     2/5: $1\enCnt3[0:0]
     3/5: $1\ldCnt3[0:0]
     4/5: $1\loadP1[0:0]
     5/5: $1\doneRnd[0:0]
Creating decoders for process `\RandomGeneratorController.$proc$RandomGeneratorController.v:26$267'.
     1/1: $1\ps[2:0]
Creating decoders for process `$paramod\Counter\SIZE=s32'00000000000000000000000000000011.$proc$lib.v:107$499'.
     1/1: $0\cntOut[2:0]
Creating decoders for process `$paramod$265594dfef13cc9ce39f8657188d42484a49f5ec\MemoryBlock.$proc$lib.v:0$641'.
Creating decoders for process `$paramod$265594dfef13cc9ce39f8657188d42484a49f5ec\MemoryBlock.$proc$lib.v:79$575'.
     1/1: $1\dataOut[31:0]
Creating decoders for process `$paramod\Counter\SIZE=s32'00000000000000000000000000000110.$proc$lib.v:107$288'.
     1/1: $0\cntOut[5:0]
Creating decoders for process `$paramod\Counter\SIZE=s32'00000000000000000000000000000010.$proc$lib.v:107$284'.
     1/1: $0\cntOut[1:0]
Creating decoders for process `$paramod\Register\SIZE=s32'00000000000000000000000000100000.$proc$lib.v:186$508'.
     1/1: $0\out[31:0]
Creating decoders for process `\RandomGeneratorDatapath.$proc$RandomGeneratorDatapath.v:32$273'.
     1/1: $0\dataReg[5:0]
Creating decoders for process `\HashGeneratorController.$proc$Controller.v:80$3'.
     1/1: $1\ns[3:0]
Creating decoders for process `\HashGeneratorController.$proc$Controller.v:51$2'.
     1/1: { $1\addSl[0:0] $1\sl[0:0] $1\enCnt2[0:0] $1\enF[0:0] $1\initCnt2[0:0] $1\hashEn[0:0] $1\initReg[0:0] $1\initCnt6[0:0] $1\enM[0:0] $1\startRnd[0:0] $1\fSel[0:0] $1\romRead[0:0] $1\done[0:0] $1\enCnt6[0:0] }
Creating decoders for process `\HashGeneratorController.$proc$Controller.v:42$1'.
     1/1: $1\ps[3:0]

10.2.8. Executing PROC_DLATCH pass (convert process syncs to latches).
Latch inferred for signal `\RandomGeneratorController.\ns' from process `\RandomGeneratorController.$proc$RandomGeneratorController.v:52$269': $auto$proc_dlatch.cc:427:proc_dlatch$813
No latch inferred for signal `\RandomGeneratorController.\doneRnd' from process `\RandomGeneratorController.$proc$RandomGeneratorController.v:33$268'.
No latch inferred for signal `\RandomGeneratorController.\ldCnt3' from process `\RandomGeneratorController.$proc$RandomGeneratorController.v:33$268'.
No latch inferred for signal `\RandomGeneratorController.\enCnt3' from process `\RandomGeneratorController.$proc$RandomGeneratorController.v:33$268'.
No latch inferred for signal `\RandomGeneratorController.\shiftP1' from process `\RandomGeneratorController.$proc$RandomGeneratorController.v:33$268'.
No latch inferred for signal `\RandomGeneratorController.\loadP1' from process `\RandomGeneratorController.$proc$RandomGeneratorController.v:33$268'.
No latch inferred for signal `$paramod$265594dfef13cc9ce39f8657188d42484a49f5ec\MemoryBlock.$memwr$\rom$lib.v:13$511_EN' from process `$paramod$265594dfef13cc9ce39f8657188d42484a49f5ec\MemoryBlock.$proc$lib.v:0$641'.
No latch inferred for signal `$paramod$265594dfef13cc9ce39f8657188d42484a49f5ec\MemoryBlock.$memwr$\rom$lib.v:14$512_EN' from process `$paramod$265594dfef13cc9ce39f8657188d42484a49f5ec\MemoryBlock.$proc$lib.v:0$641'.
No latch inferred for signal `$paramod$265594dfef13cc9ce39f8657188d42484a49f5ec\MemoryBlock.$memwr$\rom$lib.v:15$513_EN' from process `$paramod$265594dfef13cc9ce39f8657188d42484a49f5ec\MemoryBlock.$proc$lib.v:0$641'.
No latch inferred for signal `$paramod$265594dfef13cc9ce39f8657188d42484a49f5ec\MemoryBlock.$memwr$\rom$lib.v:16$514_EN' from process `$paramod$265594dfef13cc9ce39f8657188d42484a49f5ec\MemoryBlock.$proc$lib.v:0$641'.
No latch inferred for signal `$paramod$265594dfef13cc9ce39f8657188d42484a49f5ec\MemoryBlock.$memwr$\rom$lib.v:17$515_EN' from process `$paramod$265594dfef13cc9ce39f8657188d42484a49f5ec\MemoryBlock.$proc$lib.v:0$641'.
No latch inferred for signal `$paramod$265594dfef13cc9ce39f8657188d42484a49f5ec\MemoryBlock.$memwr$\rom$lib.v:18$516_EN' from process `$paramod$265594dfef13cc9ce39f8657188d42484a49f5ec\MemoryBlock.$proc$lib.v:0$641'.
No latch inferred for signal `$paramod$265594dfef13cc9ce39f8657188d42484a49f5ec\MemoryBlock.$memwr$\rom$lib.v:19$517_EN' from process `$paramod$265594dfef13cc9ce39f8657188d42484a49f5ec\MemoryBlock.$proc$lib.v:0$641'.
No latch inferred for signal `$paramod$265594dfef13cc9ce39f8657188d42484a49f5ec\MemoryBlock.$memwr$\rom$lib.v:20$518_EN' from process `$paramod$265594dfef13cc9ce39f8657188d42484a49f5ec\MemoryBlock.$proc$lib.v:0$641'.
No latch inferred for signal `$paramod$265594dfef13cc9ce39f8657188d42484a49f5ec\MemoryBlock.$memwr$\rom$lib.v:21$519_EN' from process `$paramod$265594dfef13cc9ce39f8657188d42484a49f5ec\MemoryBlock.$proc$lib.v:0$641'.
No latch inferred for signal `$paramod$265594dfef13cc9ce39f8657188d42484a49f5ec\MemoryBlock.$memwr$\rom$lib.v:22$520_EN' from process `$paramod$265594dfef13cc9ce39f8657188d42484a49f5ec\MemoryBlock.$proc$lib.v:0$641'.
No latch inferred for signal `$paramod$265594dfef13cc9ce39f8657188d42484a49f5ec\MemoryBlock.$memwr$\rom$lib.v:23$521_EN' from process `$paramod$265594dfef13cc9ce39f8657188d42484a49f5ec\MemoryBlock.$proc$lib.v:0$641'.
No latch inferred for signal `$paramod$265594dfef13cc9ce39f8657188d42484a49f5ec\MemoryBlock.$memwr$\rom$lib.v:24$522_EN' from process `$paramod$265594dfef13cc9ce39f8657188d42484a49f5ec\MemoryBlock.$proc$lib.v:0$641'.
No latch inferred for signal `$paramod$265594dfef13cc9ce39f8657188d42484a49f5ec\MemoryBlock.$memwr$\rom$lib.v:25$523_EN' from process `$paramod$265594dfef13cc9ce39f8657188d42484a49f5ec\MemoryBlock.$proc$lib.v:0$641'.
No latch inferred for signal `$paramod$265594dfef13cc9ce39f8657188d42484a49f5ec\MemoryBlock.$memwr$\rom$lib.v:26$524_EN' from process `$paramod$265594dfef13cc9ce39f8657188d42484a49f5ec\MemoryBlock.$proc$lib.v:0$641'.
No latch inferred for signal `$paramod$265594dfef13cc9ce39f8657188d42484a49f5ec\MemoryBlock.$memwr$\rom$lib.v:27$525_EN' from process `$paramod$265594dfef13cc9ce39f8657188d42484a49f5ec\MemoryBlock.$proc$lib.v:0$641'.
No latch inferred for signal `$paramod$265594dfef13cc9ce39f8657188d42484a49f5ec\MemoryBlock.$memwr$\rom$lib.v:28$526_EN' from process `$paramod$265594dfef13cc9ce39f8657188d42484a49f5ec\MemoryBlock.$proc$lib.v:0$641'.
No latch inferred for signal `$paramod$265594dfef13cc9ce39f8657188d42484a49f5ec\MemoryBlock.$memwr$\rom$lib.v:29$527_EN' from process `$paramod$265594dfef13cc9ce39f8657188d42484a49f5ec\MemoryBlock.$proc$lib.v:0$641'.
No latch inferred for signal `$paramod$265594dfef13cc9ce39f8657188d42484a49f5ec\MemoryBlock.$memwr$\rom$lib.v:30$528_EN' from process `$paramod$265594dfef13cc9ce39f8657188d42484a49f5ec\MemoryBlock.$proc$lib.v:0$641'.
No latch inferred for signal `$paramod$265594dfef13cc9ce39f8657188d42484a49f5ec\MemoryBlock.$memwr$\rom$lib.v:31$529_EN' from process `$paramod$265594dfef13cc9ce39f8657188d42484a49f5ec\MemoryBlock.$proc$lib.v:0$641'.
No latch inferred for signal `$paramod$265594dfef13cc9ce39f8657188d42484a49f5ec\MemoryBlock.$memwr$\rom$lib.v:32$530_EN' from process `$paramod$265594dfef13cc9ce39f8657188d42484a49f5ec\MemoryBlock.$proc$lib.v:0$641'.
No latch inferred for signal `$paramod$265594dfef13cc9ce39f8657188d42484a49f5ec\MemoryBlock.$memwr$\rom$lib.v:33$531_EN' from process `$paramod$265594dfef13cc9ce39f8657188d42484a49f5ec\MemoryBlock.$proc$lib.v:0$641'.
No latch inferred for signal `$paramod$265594dfef13cc9ce39f8657188d42484a49f5ec\MemoryBlock.$memwr$\rom$lib.v:34$532_EN' from process `$paramod$265594dfef13cc9ce39f8657188d42484a49f5ec\MemoryBlock.$proc$lib.v:0$641'.
No latch inferred for signal `$paramod$265594dfef13cc9ce39f8657188d42484a49f5ec\MemoryBlock.$memwr$\rom$lib.v:35$533_EN' from process `$paramod$265594dfef13cc9ce39f8657188d42484a49f5ec\MemoryBlock.$proc$lib.v:0$641'.
No latch inferred for signal `$paramod$265594dfef13cc9ce39f8657188d42484a49f5ec\MemoryBlock.$memwr$\rom$lib.v:36$534_EN' from process `$paramod$265594dfef13cc9ce39f8657188d42484a49f5ec\MemoryBlock.$proc$lib.v:0$641'.
No latch inferred for signal `$paramod$265594dfef13cc9ce39f8657188d42484a49f5ec\MemoryBlock.$memwr$\rom$lib.v:37$535_EN' from process `$paramod$265594dfef13cc9ce39f8657188d42484a49f5ec\MemoryBlock.$proc$lib.v:0$641'.
No latch inferred for signal `$paramod$265594dfef13cc9ce39f8657188d42484a49f5ec\MemoryBlock.$memwr$\rom$lib.v:38$536_EN' from process `$paramod$265594dfef13cc9ce39f8657188d42484a49f5ec\MemoryBlock.$proc$lib.v:0$641'.
No latch inferred for signal `$paramod$265594dfef13cc9ce39f8657188d42484a49f5ec\MemoryBlock.$memwr$\rom$lib.v:39$537_EN' from process `$paramod$265594dfef13cc9ce39f8657188d42484a49f5ec\MemoryBlock.$proc$lib.v:0$641'.
No latch inferred for signal `$paramod$265594dfef13cc9ce39f8657188d42484a49f5ec\MemoryBlock.$memwr$\rom$lib.v:40$538_EN' from process `$paramod$265594dfef13cc9ce39f8657188d42484a49f5ec\MemoryBlock.$proc$lib.v:0$641'.
No latch inferred for signal `$paramod$265594dfef13cc9ce39f8657188d42484a49f5ec\MemoryBlock.$memwr$\rom$lib.v:41$539_EN' from process `$paramod$265594dfef13cc9ce39f8657188d42484a49f5ec\MemoryBlock.$proc$lib.v:0$641'.
No latch inferred for signal `$paramod$265594dfef13cc9ce39f8657188d42484a49f5ec\MemoryBlock.$memwr$\rom$lib.v:42$540_EN' from process `$paramod$265594dfef13cc9ce39f8657188d42484a49f5ec\MemoryBlock.$proc$lib.v:0$641'.
No latch inferred for signal `$paramod$265594dfef13cc9ce39f8657188d42484a49f5ec\MemoryBlock.$memwr$\rom$lib.v:43$541_EN' from process `$paramod$265594dfef13cc9ce39f8657188d42484a49f5ec\MemoryBlock.$proc$lib.v:0$641'.
No latch inferred for signal `$paramod$265594dfef13cc9ce39f8657188d42484a49f5ec\MemoryBlock.$memwr$\rom$lib.v:44$542_EN' from process `$paramod$265594dfef13cc9ce39f8657188d42484a49f5ec\MemoryBlock.$proc$lib.v:0$641'.
No latch inferred for signal `$paramod$265594dfef13cc9ce39f8657188d42484a49f5ec\MemoryBlock.$memwr$\rom$lib.v:45$543_EN' from process `$paramod$265594dfef13cc9ce39f8657188d42484a49f5ec\MemoryBlock.$proc$lib.v:0$641'.
No latch inferred for signal `$paramod$265594dfef13cc9ce39f8657188d42484a49f5ec\MemoryBlock.$memwr$\rom$lib.v:46$544_EN' from process `$paramod$265594dfef13cc9ce39f8657188d42484a49f5ec\MemoryBlock.$proc$lib.v:0$641'.
No latch inferred for signal `$paramod$265594dfef13cc9ce39f8657188d42484a49f5ec\MemoryBlock.$memwr$\rom$lib.v:47$545_EN' from process `$paramod$265594dfef13cc9ce39f8657188d42484a49f5ec\MemoryBlock.$proc$lib.v:0$641'.
No latch inferred for signal `$paramod$265594dfef13cc9ce39f8657188d42484a49f5ec\MemoryBlock.$memwr$\rom$lib.v:48$546_EN' from process `$paramod$265594dfef13cc9ce39f8657188d42484a49f5ec\MemoryBlock.$proc$lib.v:0$641'.
No latch inferred for signal `$paramod$265594dfef13cc9ce39f8657188d42484a49f5ec\MemoryBlock.$memwr$\rom$lib.v:49$547_EN' from process `$paramod$265594dfef13cc9ce39f8657188d42484a49f5ec\MemoryBlock.$proc$lib.v:0$641'.
No latch inferred for signal `$paramod$265594dfef13cc9ce39f8657188d42484a49f5ec\MemoryBlock.$memwr$\rom$lib.v:50$548_EN' from process `$paramod$265594dfef13cc9ce39f8657188d42484a49f5ec\MemoryBlock.$proc$lib.v:0$641'.
No latch inferred for signal `$paramod$265594dfef13cc9ce39f8657188d42484a49f5ec\MemoryBlock.$memwr$\rom$lib.v:51$549_EN' from process `$paramod$265594dfef13cc9ce39f8657188d42484a49f5ec\MemoryBlock.$proc$lib.v:0$641'.
No latch inferred for signal `$paramod$265594dfef13cc9ce39f8657188d42484a49f5ec\MemoryBlock.$memwr$\rom$lib.v:52$550_EN' from process `$paramod$265594dfef13cc9ce39f8657188d42484a49f5ec\MemoryBlock.$proc$lib.v:0$641'.
No latch inferred for signal `$paramod$265594dfef13cc9ce39f8657188d42484a49f5ec\MemoryBlock.$memwr$\rom$lib.v:53$551_EN' from process `$paramod$265594dfef13cc9ce39f8657188d42484a49f5ec\MemoryBlock.$proc$lib.v:0$641'.
No latch inferred for signal `$paramod$265594dfef13cc9ce39f8657188d42484a49f5ec\MemoryBlock.$memwr$\rom$lib.v:54$552_EN' from process `$paramod$265594dfef13cc9ce39f8657188d42484a49f5ec\MemoryBlock.$proc$lib.v:0$641'.
No latch inferred for signal `$paramod$265594dfef13cc9ce39f8657188d42484a49f5ec\MemoryBlock.$memwr$\rom$lib.v:55$553_EN' from process `$paramod$265594dfef13cc9ce39f8657188d42484a49f5ec\MemoryBlock.$proc$lib.v:0$641'.
No latch inferred for signal `$paramod$265594dfef13cc9ce39f8657188d42484a49f5ec\MemoryBlock.$memwr$\rom$lib.v:56$554_EN' from process `$paramod$265594dfef13cc9ce39f8657188d42484a49f5ec\MemoryBlock.$proc$lib.v:0$641'.
No latch inferred for signal `$paramod$265594dfef13cc9ce39f8657188d42484a49f5ec\MemoryBlock.$memwr$\rom$lib.v:57$555_EN' from process `$paramod$265594dfef13cc9ce39f8657188d42484a49f5ec\MemoryBlock.$proc$lib.v:0$641'.
No latch inferred for signal `$paramod$265594dfef13cc9ce39f8657188d42484a49f5ec\MemoryBlock.$memwr$\rom$lib.v:58$556_EN' from process `$paramod$265594dfef13cc9ce39f8657188d42484a49f5ec\MemoryBlock.$proc$lib.v:0$641'.
No latch inferred for signal `$paramod$265594dfef13cc9ce39f8657188d42484a49f5ec\MemoryBlock.$memwr$\rom$lib.v:59$557_EN' from process `$paramod$265594dfef13cc9ce39f8657188d42484a49f5ec\MemoryBlock.$proc$lib.v:0$641'.
No latch inferred for signal `$paramod$265594dfef13cc9ce39f8657188d42484a49f5ec\MemoryBlock.$memwr$\rom$lib.v:60$558_EN' from process `$paramod$265594dfef13cc9ce39f8657188d42484a49f5ec\MemoryBlock.$proc$lib.v:0$641'.
No latch inferred for signal `$paramod$265594dfef13cc9ce39f8657188d42484a49f5ec\MemoryBlock.$memwr$\rom$lib.v:61$559_EN' from process `$paramod$265594dfef13cc9ce39f8657188d42484a49f5ec\MemoryBlock.$proc$lib.v:0$641'.
No latch inferred for signal `$paramod$265594dfef13cc9ce39f8657188d42484a49f5ec\MemoryBlock.$memwr$\rom$lib.v:62$560_EN' from process `$paramod$265594dfef13cc9ce39f8657188d42484a49f5ec\MemoryBlock.$proc$lib.v:0$641'.
No latch inferred for signal `$paramod$265594dfef13cc9ce39f8657188d42484a49f5ec\MemoryBlock.$memwr$\rom$lib.v:63$561_EN' from process `$paramod$265594dfef13cc9ce39f8657188d42484a49f5ec\MemoryBlock.$proc$lib.v:0$641'.
No latch inferred for signal `$paramod$265594dfef13cc9ce39f8657188d42484a49f5ec\MemoryBlock.$memwr$\rom$lib.v:64$562_EN' from process `$paramod$265594dfef13cc9ce39f8657188d42484a49f5ec\MemoryBlock.$proc$lib.v:0$641'.
No latch inferred for signal `$paramod$265594dfef13cc9ce39f8657188d42484a49f5ec\MemoryBlock.$memwr$\rom$lib.v:65$563_EN' from process `$paramod$265594dfef13cc9ce39f8657188d42484a49f5ec\MemoryBlock.$proc$lib.v:0$641'.
No latch inferred for signal `$paramod$265594dfef13cc9ce39f8657188d42484a49f5ec\MemoryBlock.$memwr$\rom$lib.v:66$564_EN' from process `$paramod$265594dfef13cc9ce39f8657188d42484a49f5ec\MemoryBlock.$proc$lib.v:0$641'.
No latch inferred for signal `$paramod$265594dfef13cc9ce39f8657188d42484a49f5ec\MemoryBlock.$memwr$\rom$lib.v:67$565_EN' from process `$paramod$265594dfef13cc9ce39f8657188d42484a49f5ec\MemoryBlock.$proc$lib.v:0$641'.
No latch inferred for signal `$paramod$265594dfef13cc9ce39f8657188d42484a49f5ec\MemoryBlock.$memwr$\rom$lib.v:68$566_EN' from process `$paramod$265594dfef13cc9ce39f8657188d42484a49f5ec\MemoryBlock.$proc$lib.v:0$641'.
No latch inferred for signal `$paramod$265594dfef13cc9ce39f8657188d42484a49f5ec\MemoryBlock.$memwr$\rom$lib.v:69$567_EN' from process `$paramod$265594dfef13cc9ce39f8657188d42484a49f5ec\MemoryBlock.$proc$lib.v:0$641'.
No latch inferred for signal `$paramod$265594dfef13cc9ce39f8657188d42484a49f5ec\MemoryBlock.$memwr$\rom$lib.v:70$568_EN' from process `$paramod$265594dfef13cc9ce39f8657188d42484a49f5ec\MemoryBlock.$proc$lib.v:0$641'.
No latch inferred for signal `$paramod$265594dfef13cc9ce39f8657188d42484a49f5ec\MemoryBlock.$memwr$\rom$lib.v:71$569_EN' from process `$paramod$265594dfef13cc9ce39f8657188d42484a49f5ec\MemoryBlock.$proc$lib.v:0$641'.
No latch inferred for signal `$paramod$265594dfef13cc9ce39f8657188d42484a49f5ec\MemoryBlock.$memwr$\rom$lib.v:72$570_EN' from process `$paramod$265594dfef13cc9ce39f8657188d42484a49f5ec\MemoryBlock.$proc$lib.v:0$641'.
No latch inferred for signal `$paramod$265594dfef13cc9ce39f8657188d42484a49f5ec\MemoryBlock.$memwr$\rom$lib.v:73$571_EN' from process `$paramod$265594dfef13cc9ce39f8657188d42484a49f5ec\MemoryBlock.$proc$lib.v:0$641'.
No latch inferred for signal `$paramod$265594dfef13cc9ce39f8657188d42484a49f5ec\MemoryBlock.$memwr$\rom$lib.v:74$572_EN' from process `$paramod$265594dfef13cc9ce39f8657188d42484a49f5ec\MemoryBlock.$proc$lib.v:0$641'.
No latch inferred for signal `$paramod$265594dfef13cc9ce39f8657188d42484a49f5ec\MemoryBlock.$memwr$\rom$lib.v:75$573_EN' from process `$paramod$265594dfef13cc9ce39f8657188d42484a49f5ec\MemoryBlock.$proc$lib.v:0$641'.
No latch inferred for signal `$paramod$265594dfef13cc9ce39f8657188d42484a49f5ec\MemoryBlock.$memwr$\rom$lib.v:76$574_EN' from process `$paramod$265594dfef13cc9ce39f8657188d42484a49f5ec\MemoryBlock.$proc$lib.v:0$641'.
No latch inferred for signal `$paramod$265594dfef13cc9ce39f8657188d42484a49f5ec\MemoryBlock.\dataOut' from process `$paramod$265594dfef13cc9ce39f8657188d42484a49f5ec\MemoryBlock.$proc$lib.v:79$575'.
Latch inferred for signal `\HashGeneratorController.\ns' from process `\HashGeneratorController.$proc$Controller.v:80$3': $auto$proc_dlatch.cc:427:proc_dlatch$878
No latch inferred for signal `\HashGeneratorController.\enCnt6' from process `\HashGeneratorController.$proc$Controller.v:51$2'.
No latch inferred for signal `\HashGeneratorController.\done' from process `\HashGeneratorController.$proc$Controller.v:51$2'.
No latch inferred for signal `\HashGeneratorController.\romRead' from process `\HashGeneratorController.$proc$Controller.v:51$2'.
No latch inferred for signal `\HashGeneratorController.\fSel' from process `\HashGeneratorController.$proc$Controller.v:51$2'.
No latch inferred for signal `\HashGeneratorController.\startRnd' from process `\HashGeneratorController.$proc$Controller.v:51$2'.
No latch inferred for signal `\HashGeneratorController.\enM' from process `\HashGeneratorController.$proc$Controller.v:51$2'.
No latch inferred for signal `\HashGeneratorController.\initCnt6' from process `\HashGeneratorController.$proc$Controller.v:51$2'.
No latch inferred for signal `\HashGeneratorController.\initReg' from process `\HashGeneratorController.$proc$Controller.v:51$2'.
No latch inferred for signal `\HashGeneratorController.\hashEn' from process `\HashGeneratorController.$proc$Controller.v:51$2'.
No latch inferred for signal `\HashGeneratorController.\initCnt2' from process `\HashGeneratorController.$proc$Controller.v:51$2'.
No latch inferred for signal `\HashGeneratorController.\enF' from process `\HashGeneratorController.$proc$Controller.v:51$2'.
No latch inferred for signal `\HashGeneratorController.\enCnt2' from process `\HashGeneratorController.$proc$Controller.v:51$2'.
No latch inferred for signal `\HashGeneratorController.\sl' from process `\HashGeneratorController.$proc$Controller.v:51$2'.
No latch inferred for signal `\HashGeneratorController.\addSl' from process `\HashGeneratorController.$proc$Controller.v:51$2'.

10.2.9. Executing PROC_DFF pass (convert process syncs to FFs).
Creating register for signal `\RandomGeneratorController.\ps' using process `\RandomGeneratorController.$proc$RandomGeneratorController.v:26$267'.
  created $adff cell `$procdff$879' with positive edge clock and positive level reset.
Creating register for signal `$paramod\Counter\SIZE=s32'00000000000000000000000000000011.\cntOut' using process `$paramod\Counter\SIZE=s32'00000000000000000000000000000011.$proc$lib.v:107$499'.
  created $adff cell `$procdff$880' with positive edge clock and positive level reset.
Creating register for signal `$paramod\Counter\SIZE=s32'00000000000000000000000000000110.\cntOut' using process `$paramod\Counter\SIZE=s32'00000000000000000000000000000110.$proc$lib.v:107$288'.
  created $adff cell `$procdff$881' with positive edge clock and positive level reset.
Creating register for signal `$paramod\Counter\SIZE=s32'00000000000000000000000000000010.\cntOut' using process `$paramod\Counter\SIZE=s32'00000000000000000000000000000010.$proc$lib.v:107$284'.
  created $adff cell `$procdff$882' with positive edge clock and positive level reset.
Creating register for signal `$paramod\Register\SIZE=s32'00000000000000000000000000100000.\out' using process `$paramod\Register\SIZE=s32'00000000000000000000000000100000.$proc$lib.v:186$508'.
  created $dff cell `$procdff$883' with positive edge clock.
Creating register for signal `\RandomGeneratorDatapath.\dataReg' using process `\RandomGeneratorDatapath.$proc$RandomGeneratorDatapath.v:32$273'.
  created $adff cell `$procdff$884' with positive edge clock and positive level reset.
Creating register for signal `\HashGeneratorController.\ps' using process `\HashGeneratorController.$proc$Controller.v:42$1'.
  created $adff cell `$procdff$885' with positive edge clock and positive level reset.

10.2.10. Executing PROC_MEMWR pass (convert process memory writes to cells).

10.2.11. Executing PROC_CLEAN pass (remove empty switches from decision trees).
Found and cleaned up 1 empty switch in `\RandomGeneratorController.$proc$RandomGeneratorController.v:52$269'.
Removing empty process `RandomGeneratorController.$proc$RandomGeneratorController.v:52$269'.
Found and cleaned up 1 empty switch in `\RandomGeneratorController.$proc$RandomGeneratorController.v:33$268'.
Removing empty process `RandomGeneratorController.$proc$RandomGeneratorController.v:33$268'.
Removing empty process `RandomGeneratorController.$proc$RandomGeneratorController.v:26$267'.
Found and cleaned up 2 empty switches in `$paramod\Counter\SIZE=s32'00000000000000000000000000000011.$proc$lib.v:107$499'.
Removing empty process `$paramod\Counter\SIZE=s32'00000000000000000000000000000011.$proc$lib.v:107$499'.
Removing empty process `$paramod$265594dfef13cc9ce39f8657188d42484a49f5ec\MemoryBlock.$proc$lib.v:0$641'.
Found and cleaned up 1 empty switch in `$paramod$265594dfef13cc9ce39f8657188d42484a49f5ec\MemoryBlock.$proc$lib.v:79$575'.
Removing empty process `$paramod$265594dfef13cc9ce39f8657188d42484a49f5ec\MemoryBlock.$proc$lib.v:79$575'.
Found and cleaned up 2 empty switches in `$paramod\Counter\SIZE=s32'00000000000000000000000000000110.$proc$lib.v:107$288'.
Removing empty process `$paramod\Counter\SIZE=s32'00000000000000000000000000000110.$proc$lib.v:107$288'.
Found and cleaned up 2 empty switches in `$paramod\Counter\SIZE=s32'00000000000000000000000000000010.$proc$lib.v:107$284'.
Removing empty process `$paramod\Counter\SIZE=s32'00000000000000000000000000000010.$proc$lib.v:107$284'.
Found and cleaned up 2 empty switches in `$paramod\Register\SIZE=s32'00000000000000000000000000100000.$proc$lib.v:186$508'.
Removing empty process `$paramod\Register\SIZE=s32'00000000000000000000000000100000.$proc$lib.v:186$508'.
Found and cleaned up 2 empty switches in `\RandomGeneratorDatapath.$proc$RandomGeneratorDatapath.v:32$273'.
Removing empty process `RandomGeneratorDatapath.$proc$RandomGeneratorDatapath.v:32$273'.
Found and cleaned up 1 empty switch in `\HashGeneratorController.$proc$Controller.v:80$3'.
Removing empty process `HashGeneratorController.$proc$Controller.v:80$3'.
Found and cleaned up 1 empty switch in `\HashGeneratorController.$proc$Controller.v:51$2'.
Removing empty process `HashGeneratorController.$proc$Controller.v:51$2'.
Removing empty process `HashGeneratorController.$proc$Controller.v:42$1'.
Cleaned up 15 empty switches.

10.2.12. Executing OPT_EXPR pass (perform const folding).
Optimizing module RandomGeneratorController.
<suppressed ~9 debug messages>
Optimizing module RandomGenerator.
Optimizing module $paramod\Counter\SIZE=s32'00000000000000000000000000000011.
Optimizing module $paramod\HashGeneratorDatapath\SIZE=s32'00000000000000000000000010000000.
Optimizing module $paramod$265594dfef13cc9ce39f8657188d42484a49f5ec\MemoryBlock.
Optimizing module $paramod\Counter\SIZE=s32'00000000000000000000000000000110.
Optimizing module $paramod\Multiplier\WIDTH=s32'00000000000000000000000000100000.
Optimizing module $paramod\Counter\SIZE=s32'00000000000000000000000000000010.
Optimizing module $paramod\Adder\SIZE=s32'00000000000000000000000000100000.
Optimizing module $paramod\Register\SIZE=s32'00000000000000000000000000100000.
Optimizing module $paramod$6bbfd4b9c6bbd8b8029f9f6b747e0ddd70349be3\Multiplexer.
Optimizing module $paramod$07a05a8e97bfd10b63d62e10998c9e84f939df0a\Multiplexer.
Optimizing module HashGenerator.
Optimizing module RandomGeneratorDatapath.
Optimizing module HashGeneratorController.
<suppressed ~14 debug messages>

10.3. Executing OPT_EXPR pass (perform const folding).
Optimizing module RandomGeneratorController.
Optimizing module RandomGenerator.
Optimizing module $paramod\Counter\SIZE=s32'00000000000000000000000000000011.
Optimizing module $paramod\HashGeneratorDatapath\SIZE=s32'00000000000000000000000010000000.
Optimizing module $paramod$265594dfef13cc9ce39f8657188d42484a49f5ec\MemoryBlock.
Optimizing module $paramod\Counter\SIZE=s32'00000000000000000000000000000110.
Optimizing module $paramod\Multiplier\WIDTH=s32'00000000000000000000000000100000.
Optimizing module $paramod\Counter\SIZE=s32'00000000000000000000000000000010.
Optimizing module $paramod\Adder\SIZE=s32'00000000000000000000000000100000.
Optimizing module $paramod\Register\SIZE=s32'00000000000000000000000000100000.
Optimizing module $paramod$6bbfd4b9c6bbd8b8029f9f6b747e0ddd70349be3\Multiplexer.
<suppressed ~3 debug messages>
Optimizing module $paramod$07a05a8e97bfd10b63d62e10998c9e84f939df0a\Multiplexer.
<suppressed ~3 debug messages>
Optimizing module HashGenerator.
Optimizing module RandomGeneratorDatapath.
Optimizing module HashGeneratorController.

10.4. Executing OPT_CLEAN pass (remove unused cells and wires).
Finding unused cells or wires in module \RandomGeneratorController..
Finding unused cells or wires in module \RandomGenerator..
Finding unused cells or wires in module $paramod\Counter\SIZE=s32'00000000000000000000000000000011..
Finding unused cells or wires in module $paramod\HashGeneratorDatapath\SIZE=s32'00000000000000000000000010000000..
Finding unused cells or wires in module $paramod$265594dfef13cc9ce39f8657188d42484a49f5ec\MemoryBlock..
Finding unused cells or wires in module $paramod\Counter\SIZE=s32'00000000000000000000000000000110..
Finding unused cells or wires in module $paramod\Multiplier\WIDTH=s32'00000000000000000000000000100000..
Finding unused cells or wires in module $paramod\Counter\SIZE=s32'00000000000000000000000000000010..
Finding unused cells or wires in module $paramod\Adder\SIZE=s32'00000000000000000000000000100000..
Finding unused cells or wires in module $paramod\Register\SIZE=s32'00000000000000000000000000100000..
Finding unused cells or wires in module $paramod$6bbfd4b9c6bbd8b8029f9f6b747e0ddd70349be3\Multiplexer..
Finding unused cells or wires in module $paramod$07a05a8e97bfd10b63d62e10998c9e84f939df0a\Multiplexer..
Finding unused cells or wires in module \HashGenerator..
Finding unused cells or wires in module \RandomGeneratorDatapath..
Finding unused cells or wires in module \HashGeneratorController..
Removed 2 unused cells and 236 unused wires.
<suppressed ~17 debug messages>

10.5. Executing CHECK pass (checking for obvious problems).
Checking module $paramod$07a05a8e97bfd10b63d62e10998c9e84f939df0a\Multiplexer...
Checking module $paramod$265594dfef13cc9ce39f8657188d42484a49f5ec\MemoryBlock...
Checking module $paramod$6bbfd4b9c6bbd8b8029f9f6b747e0ddd70349be3\Multiplexer...
Checking module $paramod\Adder\SIZE=s32'00000000000000000000000000100000...
Checking module $paramod\Counter\SIZE=s32'00000000000000000000000000000010...
Checking module $paramod\Counter\SIZE=s32'00000000000000000000000000000011...
Checking module $paramod\Counter\SIZE=s32'00000000000000000000000000000110...
Checking module $paramod\HashGeneratorDatapath\SIZE=s32'00000000000000000000000010000000...
Checking module $paramod\Multiplier\WIDTH=s32'00000000000000000000000000100000...
Checking module $paramod\Register\SIZE=s32'00000000000000000000000000100000...
Checking module HashGenerator...
Checking module HashGeneratorController...
Checking module RandomGenerator...
Checking module RandomGeneratorController...
Checking module RandomGeneratorDatapath...
Found and reported 0 problems.

10.6. Executing OPT pass (performing simple optimizations).

10.6.1. Executing OPT_EXPR pass (perform const folding).
Optimizing module $paramod$07a05a8e97bfd10b63d62e10998c9e84f939df0a\Multiplexer.
Optimizing module $paramod$265594dfef13cc9ce39f8657188d42484a49f5ec\MemoryBlock.
Optimizing module $paramod$6bbfd4b9c6bbd8b8029f9f6b747e0ddd70349be3\Multiplexer.
Optimizing module $paramod\Adder\SIZE=s32'00000000000000000000000000100000.
Optimizing module $paramod\Counter\SIZE=s32'00000000000000000000000000000010.
Optimizing module $paramod\Counter\SIZE=s32'00000000000000000000000000000011.
Optimizing module $paramod\Counter\SIZE=s32'00000000000000000000000000000110.
Optimizing module $paramod\HashGeneratorDatapath\SIZE=s32'00000000000000000000000010000000.
Optimizing module $paramod\Multiplier\WIDTH=s32'00000000000000000000000000100000.
Optimizing module $paramod\Register\SIZE=s32'00000000000000000000000000100000.
Optimizing module HashGenerator.
Optimizing module HashGeneratorController.
Optimizing module RandomGenerator.
Optimizing module RandomGeneratorController.
Optimizing module RandomGeneratorDatapath.

10.6.2. Executing OPT_MERGE pass (detect identical cells).
Finding identical cells in module `$paramod$07a05a8e97bfd10b63d62e10998c9e84f939df0a\Multiplexer'.
Finding identical cells in module `$paramod$265594dfef13cc9ce39f8657188d42484a49f5ec\MemoryBlock'.
Finding identical cells in module `$paramod$6bbfd4b9c6bbd8b8029f9f6b747e0ddd70349be3\Multiplexer'.
Finding identical cells in module `$paramod\Adder\SIZE=s32'00000000000000000000000000100000'.
Finding identical cells in module `$paramod\Counter\SIZE=s32'00000000000000000000000000000010'.
Finding identical cells in module `$paramod\Counter\SIZE=s32'00000000000000000000000000000011'.
Finding identical cells in module `$paramod\Counter\SIZE=s32'00000000000000000000000000000110'.
Finding identical cells in module `$paramod\HashGeneratorDatapath\SIZE=s32'00000000000000000000000010000000'.
<suppressed ~3 debug messages>
Finding identical cells in module `$paramod\Multiplier\WIDTH=s32'00000000000000000000000000100000'.
Finding identical cells in module `$paramod\Register\SIZE=s32'00000000000000000000000000100000'.
Finding identical cells in module `\HashGenerator'.
Finding identical cells in module `\HashGeneratorController'.
Finding identical cells in module `\RandomGenerator'.
Finding identical cells in module `\RandomGeneratorController'.
<suppressed ~15 debug messages>
Finding identical cells in module `\RandomGeneratorDatapath'.
Removed a total of 6 cells.

10.6.3. Executing OPT_MUXTREE pass (detect dead branches in mux trees).
Running muxtree optimizer on module $paramod$07a05a8e97bfd10b63d62e10998c9e84f939df0a\Multiplexer..
  Creating internal representation of mux trees.
  No muxes found in this module.
Running muxtree optimizer on module $paramod$265594dfef13cc9ce39f8657188d42484a49f5ec\MemoryBlock..
  Creating internal representation of mux trees.
  Evaluating internal representation of mux trees.
  Analyzing evaluation results.
Running muxtree optimizer on module $paramod$6bbfd4b9c6bbd8b8029f9f6b747e0ddd70349be3\Multiplexer..
  Creating internal representation of mux trees.
  No muxes found in this module.
Running muxtree optimizer on module $paramod\Adder\SIZE=s32'00000000000000000000000000100000..
  Creating internal representation of mux trees.
  No muxes found in this module.
Running muxtree optimizer on module $paramod\Counter\SIZE=s32'00000000000000000000000000000010..
  Creating internal representation of mux trees.
  Evaluating internal representation of mux trees.
  Analyzing evaluation results.
Running muxtree optimizer on module $paramod\Counter\SIZE=s32'00000000000000000000000000000011..
  Creating internal representation of mux trees.
  Evaluating internal representation of mux trees.
  Analyzing evaluation results.
Running muxtree optimizer on module $paramod\Counter\SIZE=s32'00000000000000000000000000000110..
  Creating internal representation of mux trees.
  Evaluating internal representation of mux trees.
  Analyzing evaluation results.
Running muxtree optimizer on module $paramod\HashGeneratorDatapath\SIZE=s32'00000000000000000000000010000000..
  Creating internal representation of mux trees.
  No muxes found in this module.
Running muxtree optimizer on module $paramod\Multiplier\WIDTH=s32'00000000000000000000000000100000..
  Creating internal representation of mux trees.
  No muxes found in this module.
Running muxtree optimizer on module $paramod\Register\SIZE=s32'00000000000000000000000000100000..
  Creating internal representation of mux trees.
  Evaluating internal representation of mux trees.
  Analyzing evaluation results.
Running muxtree optimizer on module \HashGenerator..
  Creating internal representation of mux trees.
  No muxes found in this module.
Running muxtree optimizer on module \HashGeneratorController..
  Creating internal representation of mux trees.
  Evaluating internal representation of mux trees.
  Analyzing evaluation results.
Running muxtree optimizer on module \RandomGenerator..
  Creating internal representation of mux trees.
  No muxes found in this module.
Running muxtree optimizer on module \RandomGeneratorController..
  Creating internal representation of mux trees.
  Evaluating internal representation of mux trees.
  Analyzing evaluation results.
Running muxtree optimizer on module \RandomGeneratorDatapath..
  Creating internal representation of mux trees.
  Evaluating internal representation of mux trees.
  Analyzing evaluation results.
Removed 0 multiplexer ports.
<suppressed ~13 debug messages>

10.6.4. Executing OPT_REDUCE pass (consolidate $*mux and $reduce_* inputs).
  Optimizing cells in module $paramod$07a05a8e97bfd10b63d62e10998c9e84f939df0a\Multiplexer.
  Optimizing cells in module $paramod$265594dfef13cc9ce39f8657188d42484a49f5ec\MemoryBlock.
  Optimizing cells in module $paramod$6bbfd4b9c6bbd8b8029f9f6b747e0ddd70349be3\Multiplexer.
  Optimizing cells in module $paramod\Adder\SIZE=s32'00000000000000000000000000100000.
  Optimizing cells in module $paramod\Counter\SIZE=s32'00000000000000000000000000000010.
  Optimizing cells in module $paramod\Counter\SIZE=s32'00000000000000000000000000000011.
  Optimizing cells in module $paramod\Counter\SIZE=s32'00000000000000000000000000000110.
  Optimizing cells in module $paramod\HashGeneratorDatapath\SIZE=s32'00000000000000000000000010000000.
  Optimizing cells in module $paramod\Multiplier\WIDTH=s32'00000000000000000000000000100000.
  Optimizing cells in module $paramod\Register\SIZE=s32'00000000000000000000000000100000.
  Optimizing cells in module \HashGenerator.
  Optimizing cells in module \HashGeneratorController.
    New ctrl vector for $pmux cell $procmux$767: { $procmux$776_CMP $procmux$775_CMP $procmux$774_CMP $procmux$773_CMP $procmux$772_CMP $procmux$771_CMP $procmux$770_CMP $procmux$769_CMP $procmux$768_CMP }
  Optimizing cells in module \HashGeneratorController.
  Optimizing cells in module \RandomGenerator.
  Optimizing cells in module \RandomGeneratorController.
    New ctrl vector for $pmux cell $procmux$711: { $procmux$715_CMP $procmux$714_CMP $procmux$713_CMP $procmux$712_CMP }
  Optimizing cells in module \RandomGeneratorController.
  Optimizing cells in module \RandomGeneratorDatapath.
Performed a total of 2 changes.

10.6.5. Executing OPT_MERGE pass (detect identical cells).
Finding identical cells in module `$paramod$07a05a8e97bfd10b63d62e10998c9e84f939df0a\Multiplexer'.
Finding identical cells in module `$paramod$265594dfef13cc9ce39f8657188d42484a49f5ec\MemoryBlock'.
Finding identical cells in module `$paramod$6bbfd4b9c6bbd8b8029f9f6b747e0ddd70349be3\Multiplexer'.
Finding identical cells in module `$paramod\Adder\SIZE=s32'00000000000000000000000000100000'.
Finding identical cells in module `$paramod\Counter\SIZE=s32'00000000000000000000000000000010'.
Finding identical cells in module `$paramod\Counter\SIZE=s32'00000000000000000000000000000011'.
Finding identical cells in module `$paramod\Counter\SIZE=s32'00000000000000000000000000000110'.
Finding identical cells in module `$paramod\HashGeneratorDatapath\SIZE=s32'00000000000000000000000010000000'.
Finding identical cells in module `$paramod\Multiplier\WIDTH=s32'00000000000000000000000000100000'.
Finding identical cells in module `$paramod\Register\SIZE=s32'00000000000000000000000000100000'.
Finding identical cells in module `\HashGenerator'.
Finding identical cells in module `\HashGeneratorController'.
Finding identical cells in module `\RandomGenerator'.
Finding identical cells in module `\RandomGeneratorController'.
<suppressed ~6 debug messages>
Finding identical cells in module `\RandomGeneratorDatapath'.
Removed a total of 2 cells.

10.6.6. Executing OPT_DFF pass (perform DFF optimizations).

10.6.7. Executing OPT_CLEAN pass (remove unused cells and wires).
Finding unused cells or wires in module $paramod$07a05a8e97bfd10b63d62e10998c9e84f939df0a\Multiplexer..
Finding unused cells or wires in module $paramod$265594dfef13cc9ce39f8657188d42484a49f5ec\MemoryBlock..
Finding unused cells or wires in module $paramod$6bbfd4b9c6bbd8b8029f9f6b747e0ddd70349be3\Multiplexer..
Finding unused cells or wires in module $paramod\Adder\SIZE=s32'00000000000000000000000000100000..
Finding unused cells or wires in module $paramod\Counter\SIZE=s32'00000000000000000000000000000010..
Finding unused cells or wires in module $paramod\Counter\SIZE=s32'00000000000000000000000000000011..
Finding unused cells or wires in module $paramod\Counter\SIZE=s32'00000000000000000000000000000110..
Finding unused cells or wires in module $paramod\HashGeneratorDatapath\SIZE=s32'00000000000000000000000010000000..
Finding unused cells or wires in module $paramod\Multiplier\WIDTH=s32'00000000000000000000000000100000..
Finding unused cells or wires in module $paramod\Register\SIZE=s32'00000000000000000000000000100000..
Finding unused cells or wires in module \HashGenerator..
Finding unused cells or wires in module \HashGeneratorController..
Finding unused cells or wires in module \RandomGenerator..
Finding unused cells or wires in module \RandomGeneratorController..
Finding unused cells or wires in module \RandomGeneratorDatapath..
Removed 0 unused cells and 6 unused wires.
<suppressed ~2 debug messages>

10.6.8. Executing OPT_EXPR pass (perform const folding).
Optimizing module $paramod$07a05a8e97bfd10b63d62e10998c9e84f939df0a\Multiplexer.
Optimizing module $paramod$265594dfef13cc9ce39f8657188d42484a49f5ec\MemoryBlock.
Optimizing module $paramod$6bbfd4b9c6bbd8b8029f9f6b747e0ddd70349be3\Multiplexer.
Optimizing module $paramod\Adder\SIZE=s32'00000000000000000000000000100000.
Optimizing module $paramod\Counter\SIZE=s32'00000000000000000000000000000010.
Optimizing module $paramod\Counter\SIZE=s32'00000000000000000000000000000011.
Optimizing module $paramod\Counter\SIZE=s32'00000000000000000000000000000110.
Optimizing module $paramod\HashGeneratorDatapath\SIZE=s32'00000000000000000000000010000000.
Optimizing module $paramod\Multiplier\WIDTH=s32'00000000000000000000000000100000.
Optimizing module $paramod\Register\SIZE=s32'00000000000000000000000000100000.
Optimizing module HashGenerator.
Optimizing module HashGeneratorController.
Optimizing module RandomGenerator.
Optimizing module RandomGeneratorController.
Optimizing module RandomGeneratorDatapath.

10.6.9. Rerunning OPT passes. (Maybe there is more to do..)

10.6.10. Executing OPT_MUXTREE pass (detect dead branches in mux trees).
Running muxtree optimizer on module $paramod$07a05a8e97bfd10b63d62e10998c9e84f939df0a\Multiplexer..
  Creating internal representation of mux trees.
  No muxes found in this module.
Running muxtree optimizer on module $paramod$265594dfef13cc9ce39f8657188d42484a49f5ec\MemoryBlock..
  Creating internal representation of mux trees.
  Evaluating internal representation of mux trees.
  Analyzing evaluation results.
Running muxtree optimizer on module $paramod$6bbfd4b9c6bbd8b8029f9f6b747e0ddd70349be3\Multiplexer..
  Creating internal representation of mux trees.
  No muxes found in this module.
Running muxtree optimizer on module $paramod\Adder\SIZE=s32'00000000000000000000000000100000..
  Creating internal representation of mux trees.
  No muxes found in this module.
Running muxtree optimizer on module $paramod\Counter\SIZE=s32'00000000000000000000000000000010..
  Creating internal representation of mux trees.
  Evaluating internal representation of mux trees.
  Analyzing evaluation results.
Running muxtree optimizer on module $paramod\Counter\SIZE=s32'00000000000000000000000000000011..
  Creating internal representation of mux trees.
  Evaluating internal representation of mux trees.
  Analyzing evaluation results.
Running muxtree optimizer on module $paramod\Counter\SIZE=s32'00000000000000000000000000000110..
  Creating internal representation of mux trees.
  Evaluating internal representation of mux trees.
  Analyzing evaluation results.
Running muxtree optimizer on module $paramod\HashGeneratorDatapath\SIZE=s32'00000000000000000000000010000000..
  Creating internal representation of mux trees.
  No muxes found in this module.
Running muxtree optimizer on module $paramod\Multiplier\WIDTH=s32'00000000000000000000000000100000..
  Creating internal representation of mux trees.
  No muxes found in this module.
Running muxtree optimizer on module $paramod\Register\SIZE=s32'00000000000000000000000000100000..
  Creating internal representation of mux trees.
  Evaluating internal representation of mux trees.
  Analyzing evaluation results.
Running muxtree optimizer on module \HashGenerator..
  Creating internal representation of mux trees.
  No muxes found in this module.
Running muxtree optimizer on module \HashGeneratorController..
  Creating internal representation of mux trees.
  Evaluating internal representation of mux trees.
  Analyzing evaluation results.
Running muxtree optimizer on module \RandomGenerator..
  Creating internal representation of mux trees.
  No muxes found in this module.
Running muxtree optimizer on module \RandomGeneratorController..
  Creating internal representation of mux trees.
  Evaluating internal representation of mux trees.
  Analyzing evaluation results.
Running muxtree optimizer on module \RandomGeneratorDatapath..
  Creating internal representation of mux trees.
  Evaluating internal representation of mux trees.
  Analyzing evaluation results.
Removed 0 multiplexer ports.
<suppressed ~11 debug messages>

10.6.11. Executing OPT_REDUCE pass (consolidate $*mux and $reduce_* inputs).
  Optimizing cells in module $paramod$07a05a8e97bfd10b63d62e10998c9e84f939df0a\Multiplexer.
  Optimizing cells in module $paramod$265594dfef13cc9ce39f8657188d42484a49f5ec\MemoryBlock.
  Optimizing cells in module $paramod$6bbfd4b9c6bbd8b8029f9f6b747e0ddd70349be3\Multiplexer.
  Optimizing cells in module $paramod\Adder\SIZE=s32'00000000000000000000000000100000.
  Optimizing cells in module $paramod\Counter\SIZE=s32'00000000000000000000000000000010.
  Optimizing cells in module $paramod\Counter\SIZE=s32'00000000000000000000000000000011.
  Optimizing cells in module $paramod\Counter\SIZE=s32'00000000000000000000000000000110.
  Optimizing cells in module $paramod\HashGeneratorDatapath\SIZE=s32'00000000000000000000000010000000.
  Optimizing cells in module $paramod\Multiplier\WIDTH=s32'00000000000000000000000000100000.
  Optimizing cells in module $paramod\Register\SIZE=s32'00000000000000000000000000100000.
  Optimizing cells in module \HashGenerator.
  Optimizing cells in module \HashGeneratorController.
  Optimizing cells in module \RandomGenerator.
  Optimizing cells in module \RandomGeneratorController.
  Optimizing cells in module \RandomGeneratorDatapath.
Performed a total of 0 changes.

10.6.12. Executing OPT_MERGE pass (detect identical cells).
Finding identical cells in module `$paramod$07a05a8e97bfd10b63d62e10998c9e84f939df0a\Multiplexer'.
Finding identical cells in module `$paramod$265594dfef13cc9ce39f8657188d42484a49f5ec\MemoryBlock'.
Finding identical cells in module `$paramod$6bbfd4b9c6bbd8b8029f9f6b747e0ddd70349be3\Multiplexer'.
Finding identical cells in module `$paramod\Adder\SIZE=s32'00000000000000000000000000100000'.
Finding identical cells in module `$paramod\Counter\SIZE=s32'00000000000000000000000000000010'.
Finding identical cells in module `$paramod\Counter\SIZE=s32'00000000000000000000000000000011'.
Finding identical cells in module `$paramod\Counter\SIZE=s32'00000000000000000000000000000110'.
Finding identical cells in module `$paramod\HashGeneratorDatapath\SIZE=s32'00000000000000000000000010000000'.
Finding identical cells in module `$paramod\Multiplier\WIDTH=s32'00000000000000000000000000100000'.
Finding identical cells in module `$paramod\Register\SIZE=s32'00000000000000000000000000100000'.
Finding identical cells in module `\HashGenerator'.
Finding identical cells in module `\HashGeneratorController'.
Finding identical cells in module `\RandomGenerator'.
Finding identical cells in module `\RandomGeneratorController'.
Finding identical cells in module `\RandomGeneratorDatapath'.
Removed a total of 0 cells.

10.6.13. Executing OPT_DFF pass (perform DFF optimizations).

10.6.14. Executing OPT_CLEAN pass (remove unused cells and wires).
Finding unused cells or wires in module $paramod$07a05a8e97bfd10b63d62e10998c9e84f939df0a\Multiplexer..
Finding unused cells or wires in module $paramod$265594dfef13cc9ce39f8657188d42484a49f5ec\MemoryBlock..
Finding unused cells or wires in module $paramod$6bbfd4b9c6bbd8b8029f9f6b747e0ddd70349be3\Multiplexer..
Finding unused cells or wires in module $paramod\Adder\SIZE=s32'00000000000000000000000000100000..
Finding unused cells or wires in module $paramod\Counter\SIZE=s32'00000000000000000000000000000010..
Finding unused cells or wires in module $paramod\Counter\SIZE=s32'00000000000000000000000000000011..
Finding unused cells or wires in module $paramod\Counter\SIZE=s32'00000000000000000000000000000110..
Finding unused cells or wires in module $paramod\HashGeneratorDatapath\SIZE=s32'00000000000000000000000010000000..
Finding unused cells or wires in module $paramod\Multiplier\WIDTH=s32'00000000000000000000000000100000..
Finding unused cells or wires in module $paramod\Register\SIZE=s32'00000000000000000000000000100000..
Finding unused cells or wires in module \HashGenerator..
Finding unused cells or wires in module \HashGeneratorController..
Finding unused cells or wires in module \RandomGenerator..
Finding unused cells or wires in module \RandomGeneratorController..
Finding unused cells or wires in module \RandomGeneratorDatapath..

10.6.15. Executing OPT_EXPR pass (perform const folding).
Optimizing module $paramod$07a05a8e97bfd10b63d62e10998c9e84f939df0a\Multiplexer.
Optimizing module $paramod$265594dfef13cc9ce39f8657188d42484a49f5ec\MemoryBlock.
Optimizing module $paramod$6bbfd4b9c6bbd8b8029f9f6b747e0ddd70349be3\Multiplexer.
Optimizing module $paramod\Adder\SIZE=s32'00000000000000000000000000100000.
Optimizing module $paramod\Counter\SIZE=s32'00000000000000000000000000000010.
Optimizing module $paramod\Counter\SIZE=s32'00000000000000000000000000000011.
Optimizing module $paramod\Counter\SIZE=s32'00000000000000000000000000000110.
Optimizing module $paramod\HashGeneratorDatapath\SIZE=s32'00000000000000000000000010000000.
Optimizing module $paramod\Multiplier\WIDTH=s32'00000000000000000000000000100000.
Optimizing module $paramod\Register\SIZE=s32'00000000000000000000000000100000.
Optimizing module HashGenerator.
Optimizing module HashGeneratorController.
Optimizing module RandomGenerator.
Optimizing module RandomGeneratorController.
Optimizing module RandomGeneratorDatapath.

10.6.16. Finished OPT passes. (There is nothing left to do.)

10.7. Executing FSM pass (extract and optimize FSM).

10.7.1. Executing FSM_DETECT pass (finding FSMs in design).

10.7.2. Executing FSM_EXTRACT pass (extracting FSM from design).

10.7.3. Executing FSM_OPT pass (simple optimizations of FSMs).

10.7.4. Executing OPT_CLEAN pass (remove unused cells and wires).
Finding unused cells or wires in module $paramod$07a05a8e97bfd10b63d62e10998c9e84f939df0a\Multiplexer..
Finding unused cells or wires in module $paramod$265594dfef13cc9ce39f8657188d42484a49f5ec\MemoryBlock..
Finding unused cells or wires in module $paramod$6bbfd4b9c6bbd8b8029f9f6b747e0ddd70349be3\Multiplexer..
Finding unused cells or wires in module $paramod\Adder\SIZE=s32'00000000000000000000000000100000..
Finding unused cells or wires in module $paramod\Counter\SIZE=s32'00000000000000000000000000000010..
Finding unused cells or wires in module $paramod\Counter\SIZE=s32'00000000000000000000000000000011..
Finding unused cells or wires in module $paramod\Counter\SIZE=s32'00000000000000000000000000000110..
Finding unused cells or wires in module $paramod\HashGeneratorDatapath\SIZE=s32'00000000000000000000000010000000..
Finding unused cells or wires in module $paramod\Multiplier\WIDTH=s32'00000000000000000000000000100000..
Finding unused cells or wires in module $paramod\Register\SIZE=s32'00000000000000000000000000100000..
Finding unused cells or wires in module \HashGenerator..
Finding unused cells or wires in module \HashGeneratorController..
Finding unused cells or wires in module \RandomGenerator..
Finding unused cells or wires in module \RandomGeneratorController..
Finding unused cells or wires in module \RandomGeneratorDatapath..

10.7.5. Executing FSM_OPT pass (simple optimizations of FSMs).

10.7.6. Executing FSM_RECODE pass (re-assigning FSM state encoding).

10.7.7. Executing FSM_INFO pass (dumping all available information on FSM cells).

10.7.8. Executing FSM_MAP pass (mapping FSMs to basic logic).

10.8. Executing OPT pass (performing simple optimizations).

10.8.1. Executing OPT_EXPR pass (perform const folding).
Optimizing module $paramod$07a05a8e97bfd10b63d62e10998c9e84f939df0a\Multiplexer.
Optimizing module $paramod$265594dfef13cc9ce39f8657188d42484a49f5ec\MemoryBlock.
Optimizing module $paramod$6bbfd4b9c6bbd8b8029f9f6b747e0ddd70349be3\Multiplexer.
Optimizing module $paramod\Adder\SIZE=s32'00000000000000000000000000100000.
Optimizing module $paramod\Counter\SIZE=s32'00000000000000000000000000000010.
Optimizing module $paramod\Counter\SIZE=s32'00000000000000000000000000000011.
Optimizing module $paramod\Counter\SIZE=s32'00000000000000000000000000000110.
Optimizing module $paramod\HashGeneratorDatapath\SIZE=s32'00000000000000000000000010000000.
Optimizing module $paramod\Multiplier\WIDTH=s32'00000000000000000000000000100000.
Optimizing module $paramod\Register\SIZE=s32'00000000000000000000000000100000.
Optimizing module HashGenerator.
Optimizing module HashGeneratorController.
Optimizing module RandomGenerator.
Optimizing module RandomGeneratorController.
Optimizing module RandomGeneratorDatapath.

10.8.2. Executing OPT_MERGE pass (detect identical cells).
Finding identical cells in module `$paramod$07a05a8e97bfd10b63d62e10998c9e84f939df0a\Multiplexer'.
Finding identical cells in module `$paramod$265594dfef13cc9ce39f8657188d42484a49f5ec\MemoryBlock'.
Finding identical cells in module `$paramod$6bbfd4b9c6bbd8b8029f9f6b747e0ddd70349be3\Multiplexer'.
Finding identical cells in module `$paramod\Adder\SIZE=s32'00000000000000000000000000100000'.
Finding identical cells in module `$paramod\Counter\SIZE=s32'00000000000000000000000000000010'.
Finding identical cells in module `$paramod\Counter\SIZE=s32'00000000000000000000000000000011'.
Finding identical cells in module `$paramod\Counter\SIZE=s32'00000000000000000000000000000110'.
Finding identical cells in module `$paramod\HashGeneratorDatapath\SIZE=s32'00000000000000000000000010000000'.
Finding identical cells in module `$paramod\Multiplier\WIDTH=s32'00000000000000000000000000100000'.
Finding identical cells in module `$paramod\Register\SIZE=s32'00000000000000000000000000100000'.
Finding identical cells in module `\HashGenerator'.
Finding identical cells in module `\HashGeneratorController'.
Finding identical cells in module `\RandomGenerator'.
Finding identical cells in module `\RandomGeneratorController'.
Finding identical cells in module `\RandomGeneratorDatapath'.
Removed a total of 0 cells.

10.8.3. Executing OPT_MUXTREE pass (detect dead branches in mux trees).
Running muxtree optimizer on module $paramod$07a05a8e97bfd10b63d62e10998c9e84f939df0a\Multiplexer..
  Creating internal representation of mux trees.
  No muxes found in this module.
Running muxtree optimizer on module $paramod$265594dfef13cc9ce39f8657188d42484a49f5ec\MemoryBlock..
  Creating internal representation of mux trees.
  Evaluating internal representation of mux trees.
  Analyzing evaluation results.
Running muxtree optimizer on module $paramod$6bbfd4b9c6bbd8b8029f9f6b747e0ddd70349be3\Multiplexer..
  Creating internal representation of mux trees.
  No muxes found in this module.
Running muxtree optimizer on module $paramod\Adder\SIZE=s32'00000000000000000000000000100000..
  Creating internal representation of mux trees.
  No muxes found in this module.
Running muxtree optimizer on module $paramod\Counter\SIZE=s32'00000000000000000000000000000010..
  Creating internal representation of mux trees.
  Evaluating internal representation of mux trees.
  Analyzing evaluation results.
Running muxtree optimizer on module $paramod\Counter\SIZE=s32'00000000000000000000000000000011..
  Creating internal representation of mux trees.
  Evaluating internal representation of mux trees.
  Analyzing evaluation results.
Running muxtree optimizer on module $paramod\Counter\SIZE=s32'00000000000000000000000000000110..
  Creating internal representation of mux trees.
  Evaluating internal representation of mux trees.
  Analyzing evaluation results.
Running muxtree optimizer on module $paramod\HashGeneratorDatapath\SIZE=s32'00000000000000000000000010000000..
  Creating internal representation of mux trees.
  No muxes found in this module.
Running muxtree optimizer on module $paramod\Multiplier\WIDTH=s32'00000000000000000000000000100000..
  Creating internal representation of mux trees.
  No muxes found in this module.
Running muxtree optimizer on module $paramod\Register\SIZE=s32'00000000000000000000000000100000..
  Creating internal representation of mux trees.
  Evaluating internal representation of mux trees.
  Analyzing evaluation results.
Running muxtree optimizer on module \HashGenerator..
  Creating internal representation of mux trees.
  No muxes found in this module.
Running muxtree optimizer on module \HashGeneratorController..
  Creating internal representation of mux trees.
  Evaluating internal representation of mux trees.
  Analyzing evaluation results.
Running muxtree optimizer on module \RandomGenerator..
  Creating internal representation of mux trees.
  No muxes found in this module.
Running muxtree optimizer on module \RandomGeneratorController..
  Creating internal representation of mux trees.
  Evaluating internal representation of mux trees.
  Analyzing evaluation results.
Running muxtree optimizer on module \RandomGeneratorDatapath..
  Creating internal representation of mux trees.
  Evaluating internal representation of mux trees.
  Analyzing evaluation results.
Removed 0 multiplexer ports.
<suppressed ~11 debug messages>

10.8.4. Executing OPT_REDUCE pass (consolidate $*mux and $reduce_* inputs).
  Optimizing cells in module $paramod$07a05a8e97bfd10b63d62e10998c9e84f939df0a\Multiplexer.
  Optimizing cells in module $paramod$265594dfef13cc9ce39f8657188d42484a49f5ec\MemoryBlock.
  Optimizing cells in module $paramod$6bbfd4b9c6bbd8b8029f9f6b747e0ddd70349be3\Multiplexer.
  Optimizing cells in module $paramod\Adder\SIZE=s32'00000000000000000000000000100000.
  Optimizing cells in module $paramod\Counter\SIZE=s32'00000000000000000000000000000010.
  Optimizing cells in module $paramod\Counter\SIZE=s32'00000000000000000000000000000011.
  Optimizing cells in module $paramod\Counter\SIZE=s32'00000000000000000000000000000110.
  Optimizing cells in module $paramod\HashGeneratorDatapath\SIZE=s32'00000000000000000000000010000000.
  Optimizing cells in module $paramod\Multiplier\WIDTH=s32'00000000000000000000000000100000.
  Optimizing cells in module $paramod\Register\SIZE=s32'00000000000000000000000000100000.
  Optimizing cells in module \HashGenerator.
  Optimizing cells in module \HashGeneratorController.
  Optimizing cells in module \RandomGenerator.
  Optimizing cells in module \RandomGeneratorController.
  Optimizing cells in module \RandomGeneratorDatapath.
Performed a total of 0 changes.

10.8.5. Executing OPT_MERGE pass (detect identical cells).
Finding identical cells in module `$paramod$07a05a8e97bfd10b63d62e10998c9e84f939df0a\Multiplexer'.
Finding identical cells in module `$paramod$265594dfef13cc9ce39f8657188d42484a49f5ec\MemoryBlock'.
Finding identical cells in module `$paramod$6bbfd4b9c6bbd8b8029f9f6b747e0ddd70349be3\Multiplexer'.
Finding identical cells in module `$paramod\Adder\SIZE=s32'00000000000000000000000000100000'.
Finding identical cells in module `$paramod\Counter\SIZE=s32'00000000000000000000000000000010'.
Finding identical cells in module `$paramod\Counter\SIZE=s32'00000000000000000000000000000011'.
Finding identical cells in module `$paramod\Counter\SIZE=s32'00000000000000000000000000000110'.
Finding identical cells in module `$paramod\HashGeneratorDatapath\SIZE=s32'00000000000000000000000010000000'.
Finding identical cells in module `$paramod\Multiplier\WIDTH=s32'00000000000000000000000000100000'.
Finding identical cells in module `$paramod\Register\SIZE=s32'00000000000000000000000000100000'.
Finding identical cells in module `\HashGenerator'.
Finding identical cells in module `\HashGeneratorController'.
Finding identical cells in module `\RandomGenerator'.
Finding identical cells in module `\RandomGeneratorController'.
Finding identical cells in module `\RandomGeneratorDatapath'.
Removed a total of 0 cells.

10.8.6. Executing OPT_DFF pass (perform DFF optimizations).
Adding EN signal on $procdff$882 ($adff) from module $paramod\Counter\SIZE=s32'00000000000000000000000000000010 (D = $0\cntOut[1:0], Q = \cntOut).
Adding EN signal on $procdff$880 ($adff) from module $paramod\Counter\SIZE=s32'00000000000000000000000000000011 (D = $0\cntOut[2:0], Q = \cntOut).
Adding EN signal on $procdff$881 ($adff) from module $paramod\Counter\SIZE=s32'00000000000000000000000000000110 (D = $0\cntOut[5:0], Q = \cntOut).
Adding SRST signal on $procdff$883 ($dff) from module $paramod\Register\SIZE=s32'00000000000000000000000000100000 (D = $procmux$756_Y, Q = \out, rval = 0).
Adding EN signal on $auto$ff.cc:266:slice$895 ($sdff) from module $paramod\Register\SIZE=s32'00000000000000000000000000100000 (D = \inp, Q = \out).
Adding EN signal on $procdff$884 ($adff) from module RandomGeneratorDatapath (D = $0\dataReg[5:0], Q = \dataReg).

10.8.7. Executing OPT_CLEAN pass (remove unused cells and wires).
Finding unused cells or wires in module $paramod$07a05a8e97bfd10b63d62e10998c9e84f939df0a\Multiplexer..
Finding unused cells or wires in module $paramod$265594dfef13cc9ce39f8657188d42484a49f5ec\MemoryBlock..
Finding unused cells or wires in module $paramod$6bbfd4b9c6bbd8b8029f9f6b747e0ddd70349be3\Multiplexer..
Finding unused cells or wires in module $paramod\Adder\SIZE=s32'00000000000000000000000000100000..
Finding unused cells or wires in module $paramod\Counter\SIZE=s32'00000000000000000000000000000010..
Finding unused cells or wires in module $paramod\Counter\SIZE=s32'00000000000000000000000000000011..
Finding unused cells or wires in module $paramod\Counter\SIZE=s32'00000000000000000000000000000110..
Finding unused cells or wires in module $paramod\HashGeneratorDatapath\SIZE=s32'00000000000000000000000010000000..
Finding unused cells or wires in module $paramod\Multiplier\WIDTH=s32'00000000000000000000000000100000..
Finding unused cells or wires in module $paramod\Register\SIZE=s32'00000000000000000000000000100000..
Finding unused cells or wires in module \HashGenerator..
Finding unused cells or wires in module \HashGeneratorController..
Finding unused cells or wires in module \RandomGenerator..
Finding unused cells or wires in module \RandomGeneratorController..
Finding unused cells or wires in module \RandomGeneratorDatapath..
Removed 2 unused cells and 2 unused wires.
<suppressed ~3 debug messages>

10.8.8. Executing OPT_EXPR pass (perform const folding).
Optimizing module $paramod$07a05a8e97bfd10b63d62e10998c9e84f939df0a\Multiplexer.
Optimizing module $paramod$265594dfef13cc9ce39f8657188d42484a49f5ec\MemoryBlock.
Optimizing module $paramod$6bbfd4b9c6bbd8b8029f9f6b747e0ddd70349be3\Multiplexer.
Optimizing module $paramod\Adder\SIZE=s32'00000000000000000000000000100000.
Optimizing module $paramod\Counter\SIZE=s32'00000000000000000000000000000010.
<suppressed ~1 debug messages>
Optimizing module $paramod\Counter\SIZE=s32'00000000000000000000000000000011.
<suppressed ~1 debug messages>
Optimizing module $paramod\Counter\SIZE=s32'00000000000000000000000000000110.
<suppressed ~1 debug messages>
Optimizing module $paramod\HashGeneratorDatapath\SIZE=s32'00000000000000000000000010000000.
Optimizing module $paramod\Multiplier\WIDTH=s32'00000000000000000000000000100000.
Optimizing module $paramod\Register\SIZE=s32'00000000000000000000000000100000.
Optimizing module HashGenerator.
Optimizing module HashGeneratorController.
Optimizing module RandomGenerator.
Optimizing module RandomGeneratorController.
Optimizing module RandomGeneratorDatapath.
<suppressed ~1 debug messages>

10.8.9. Rerunning OPT passes. (Maybe there is more to do..)

10.8.10. Executing OPT_MUXTREE pass (detect dead branches in mux trees).
Running muxtree optimizer on module $paramod$07a05a8e97bfd10b63d62e10998c9e84f939df0a\Multiplexer..
  Creating internal representation of mux trees.
  No muxes found in this module.
Running muxtree optimizer on module $paramod$265594dfef13cc9ce39f8657188d42484a49f5ec\MemoryBlock..
  Creating internal representation of mux trees.
  Evaluating internal representation of mux trees.
  Analyzing evaluation results.
Running muxtree optimizer on module $paramod$6bbfd4b9c6bbd8b8029f9f6b747e0ddd70349be3\Multiplexer..
  Creating internal representation of mux trees.
  No muxes found in this module.
Running muxtree optimizer on module $paramod\Adder\SIZE=s32'00000000000000000000000000100000..
  Creating internal representation of mux trees.
  No muxes found in this module.
Running muxtree optimizer on module $paramod\Counter\SIZE=s32'00000000000000000000000000000010..
  Creating internal representation of mux trees.
  Evaluating internal representation of mux trees.
  Analyzing evaluation results.
Running muxtree optimizer on module $paramod\Counter\SIZE=s32'00000000000000000000000000000011..
  Creating internal representation of mux trees.
  Evaluating internal representation of mux trees.
  Analyzing evaluation results.
Running muxtree optimizer on module $paramod\Counter\SIZE=s32'00000000000000000000000000000110..
  Creating internal representation of mux trees.
  Evaluating internal representation of mux trees.
  Analyzing evaluation results.
Running muxtree optimizer on module $paramod\HashGeneratorDatapath\SIZE=s32'00000000000000000000000010000000..
  Creating internal representation of mux trees.
  No muxes found in this module.
Running muxtree optimizer on module $paramod\Multiplier\WIDTH=s32'00000000000000000000000000100000..
  Creating internal representation of mux trees.
  No muxes found in this module.
Running muxtree optimizer on module $paramod\Register\SIZE=s32'00000000000000000000000000100000..
  Creating internal representation of mux trees.
  No muxes found in this module.
Running muxtree optimizer on module \HashGenerator..
  Creating internal representation of mux trees.
  No muxes found in this module.
Running muxtree optimizer on module \HashGeneratorController..
  Creating internal representation of mux trees.
  Evaluating internal representation of mux trees.
  Analyzing evaluation results.
Running muxtree optimizer on module \RandomGenerator..
  Creating internal representation of mux trees.
  No muxes found in this module.
Running muxtree optimizer on module \RandomGeneratorController..
  Creating internal representation of mux trees.
  Evaluating internal representation of mux trees.
  Analyzing evaluation results.
Running muxtree optimizer on module \RandomGeneratorDatapath..
  Creating internal representation of mux trees.
  Evaluating internal representation of mux trees.
  Analyzing evaluation results.
Removed 0 multiplexer ports.
<suppressed ~10 debug messages>

10.8.11. Executing OPT_REDUCE pass (consolidate $*mux and $reduce_* inputs).
  Optimizing cells in module $paramod$07a05a8e97bfd10b63d62e10998c9e84f939df0a\Multiplexer.
  Optimizing cells in module $paramod$265594dfef13cc9ce39f8657188d42484a49f5ec\MemoryBlock.
  Optimizing cells in module $paramod$6bbfd4b9c6bbd8b8029f9f6b747e0ddd70349be3\Multiplexer.
  Optimizing cells in module $paramod\Adder\SIZE=s32'00000000000000000000000000100000.
  Optimizing cells in module $paramod\Counter\SIZE=s32'00000000000000000000000000000010.
  Optimizing cells in module $paramod\Counter\SIZE=s32'00000000000000000000000000000011.
  Optimizing cells in module $paramod\Counter\SIZE=s32'00000000000000000000000000000110.
  Optimizing cells in module $paramod\HashGeneratorDatapath\SIZE=s32'00000000000000000000000010000000.
  Optimizing cells in module $paramod\Multiplier\WIDTH=s32'00000000000000000000000000100000.
  Optimizing cells in module $paramod\Register\SIZE=s32'00000000000000000000000000100000.
  Optimizing cells in module \HashGenerator.
  Optimizing cells in module \HashGeneratorController.
  Optimizing cells in module \RandomGenerator.
  Optimizing cells in module \RandomGeneratorController.
  Optimizing cells in module \RandomGeneratorDatapath.
Performed a total of 0 changes.

10.8.12. Executing OPT_MERGE pass (detect identical cells).
Finding identical cells in module `$paramod$07a05a8e97bfd10b63d62e10998c9e84f939df0a\Multiplexer'.
Finding identical cells in module `$paramod$265594dfef13cc9ce39f8657188d42484a49f5ec\MemoryBlock'.
Finding identical cells in module `$paramod$6bbfd4b9c6bbd8b8029f9f6b747e0ddd70349be3\Multiplexer'.
Finding identical cells in module `$paramod\Adder\SIZE=s32'00000000000000000000000000100000'.
Finding identical cells in module `$paramod\Counter\SIZE=s32'00000000000000000000000000000010'.
Finding identical cells in module `$paramod\Counter\SIZE=s32'00000000000000000000000000000011'.
Finding identical cells in module `$paramod\Counter\SIZE=s32'00000000000000000000000000000110'.
Finding identical cells in module `$paramod\HashGeneratorDatapath\SIZE=s32'00000000000000000000000010000000'.
Finding identical cells in module `$paramod\Multiplier\WIDTH=s32'00000000000000000000000000100000'.
Finding identical cells in module `$paramod\Register\SIZE=s32'00000000000000000000000000100000'.
Finding identical cells in module `\HashGenerator'.
Finding identical cells in module `\HashGeneratorController'.
Finding identical cells in module `\RandomGenerator'.
Finding identical cells in module `\RandomGeneratorController'.
Finding identical cells in module `\RandomGeneratorDatapath'.
Removed a total of 0 cells.

10.8.13. Executing OPT_DFF pass (perform DFF optimizations).

10.8.14. Executing OPT_CLEAN pass (remove unused cells and wires).
Finding unused cells or wires in module $paramod$07a05a8e97bfd10b63d62e10998c9e84f939df0a\Multiplexer..
Finding unused cells or wires in module $paramod$265594dfef13cc9ce39f8657188d42484a49f5ec\MemoryBlock..
Finding unused cells or wires in module $paramod$6bbfd4b9c6bbd8b8029f9f6b747e0ddd70349be3\Multiplexer..
Finding unused cells or wires in module $paramod\Adder\SIZE=s32'00000000000000000000000000100000..
Finding unused cells or wires in module $paramod\Counter\SIZE=s32'00000000000000000000000000000010..
Finding unused cells or wires in module $paramod\Counter\SIZE=s32'00000000000000000000000000000011..
Finding unused cells or wires in module $paramod\Counter\SIZE=s32'00000000000000000000000000000110..
Finding unused cells or wires in module $paramod\HashGeneratorDatapath\SIZE=s32'00000000000000000000000010000000..
Finding unused cells or wires in module $paramod\Multiplier\WIDTH=s32'00000000000000000000000000100000..
Finding unused cells or wires in module $paramod\Register\SIZE=s32'00000000000000000000000000100000..
Finding unused cells or wires in module \HashGenerator..
Finding unused cells or wires in module \HashGeneratorController..
Finding unused cells or wires in module \RandomGenerator..
Finding unused cells or wires in module \RandomGeneratorController..
Finding unused cells or wires in module \RandomGeneratorDatapath..

10.8.15. Executing OPT_EXPR pass (perform const folding).
Optimizing module $paramod$07a05a8e97bfd10b63d62e10998c9e84f939df0a\Multiplexer.
Optimizing module $paramod$265594dfef13cc9ce39f8657188d42484a49f5ec\MemoryBlock.
Optimizing module $paramod$6bbfd4b9c6bbd8b8029f9f6b747e0ddd70349be3\Multiplexer.
Optimizing module $paramod\Adder\SIZE=s32'00000000000000000000000000100000.
Optimizing module $paramod\Counter\SIZE=s32'00000000000000000000000000000010.
Optimizing module $paramod\Counter\SIZE=s32'00000000000000000000000000000011.
Optimizing module $paramod\Counter\SIZE=s32'00000000000000000000000000000110.
Optimizing module $paramod\HashGeneratorDatapath\SIZE=s32'00000000000000000000000010000000.
Optimizing module $paramod\Multiplier\WIDTH=s32'00000000000000000000000000100000.
Optimizing module $paramod\Register\SIZE=s32'00000000000000000000000000100000.
Optimizing module HashGenerator.
Optimizing module HashGeneratorController.
Optimizing module RandomGenerator.
Optimizing module RandomGeneratorController.
Optimizing module RandomGeneratorDatapath.

10.8.16. Finished OPT passes. (There is nothing left to do.)

10.9. Executing WREDUCE pass (reducing word size of cells).
Removed top 25 bits (of 32) from port B of cell $paramod$07a05a8e97bfd10b63d62e10998c9e84f939df0a\Multiplexer.$shiftx$lib.v:0$504 ($shiftx).
Removed top 26 address bits (of 32) from memory init port $paramod$265594dfef13cc9ce39f8657188d42484a49f5ec\MemoryBlock.$meminit$\rom$lib.v:13$577 (rom).
Removed top 26 address bits (of 32) from memory init port $paramod$265594dfef13cc9ce39f8657188d42484a49f5ec\MemoryBlock.$meminit$\rom$lib.v:14$578 (rom).
Removed top 26 address bits (of 32) from memory init port $paramod$265594dfef13cc9ce39f8657188d42484a49f5ec\MemoryBlock.$meminit$\rom$lib.v:15$579 (rom).
Removed top 26 address bits (of 32) from memory init port $paramod$265594dfef13cc9ce39f8657188d42484a49f5ec\MemoryBlock.$meminit$\rom$lib.v:16$580 (rom).
Removed top 26 address bits (of 32) from memory init port $paramod$265594dfef13cc9ce39f8657188d42484a49f5ec\MemoryBlock.$meminit$\rom$lib.v:17$581 (rom).
Removed top 26 address bits (of 32) from memory init port $paramod$265594dfef13cc9ce39f8657188d42484a49f5ec\MemoryBlock.$meminit$\rom$lib.v:18$582 (rom).
Removed top 26 address bits (of 32) from memory init port $paramod$265594dfef13cc9ce39f8657188d42484a49f5ec\MemoryBlock.$meminit$\rom$lib.v:19$583 (rom).
Removed top 26 address bits (of 32) from memory init port $paramod$265594dfef13cc9ce39f8657188d42484a49f5ec\MemoryBlock.$meminit$\rom$lib.v:20$584 (rom).
Removed top 26 address bits (of 32) from memory init port $paramod$265594dfef13cc9ce39f8657188d42484a49f5ec\MemoryBlock.$meminit$\rom$lib.v:21$585 (rom).
Removed top 26 address bits (of 32) from memory init port $paramod$265594dfef13cc9ce39f8657188d42484a49f5ec\MemoryBlock.$meminit$\rom$lib.v:22$586 (rom).
Removed top 26 address bits (of 32) from memory init port $paramod$265594dfef13cc9ce39f8657188d42484a49f5ec\MemoryBlock.$meminit$\rom$lib.v:23$587 (rom).
Removed top 26 address bits (of 32) from memory init port $paramod$265594dfef13cc9ce39f8657188d42484a49f5ec\MemoryBlock.$meminit$\rom$lib.v:24$588 (rom).
Removed top 26 address bits (of 32) from memory init port $paramod$265594dfef13cc9ce39f8657188d42484a49f5ec\MemoryBlock.$meminit$\rom$lib.v:25$589 (rom).
Removed top 26 address bits (of 32) from memory init port $paramod$265594dfef13cc9ce39f8657188d42484a49f5ec\MemoryBlock.$meminit$\rom$lib.v:26$590 (rom).
Removed top 26 address bits (of 32) from memory init port $paramod$265594dfef13cc9ce39f8657188d42484a49f5ec\MemoryBlock.$meminit$\rom$lib.v:27$591 (rom).
Removed top 26 address bits (of 32) from memory init port $paramod$265594dfef13cc9ce39f8657188d42484a49f5ec\MemoryBlock.$meminit$\rom$lib.v:28$592 (rom).
Removed top 26 address bits (of 32) from memory init port $paramod$265594dfef13cc9ce39f8657188d42484a49f5ec\MemoryBlock.$meminit$\rom$lib.v:29$593 (rom).
Removed top 26 address bits (of 32) from memory init port $paramod$265594dfef13cc9ce39f8657188d42484a49f5ec\MemoryBlock.$meminit$\rom$lib.v:30$594 (rom).
Removed top 26 address bits (of 32) from memory init port $paramod$265594dfef13cc9ce39f8657188d42484a49f5ec\MemoryBlock.$meminit$\rom$lib.v:31$595 (rom).
Removed top 26 address bits (of 32) from memory init port $paramod$265594dfef13cc9ce39f8657188d42484a49f5ec\MemoryBlock.$meminit$\rom$lib.v:32$596 (rom).
Removed top 26 address bits (of 32) from memory init port $paramod$265594dfef13cc9ce39f8657188d42484a49f5ec\MemoryBlock.$meminit$\rom$lib.v:33$597 (rom).
Removed top 26 address bits (of 32) from memory init port $paramod$265594dfef13cc9ce39f8657188d42484a49f5ec\MemoryBlock.$meminit$\rom$lib.v:34$598 (rom).
Removed top 26 address bits (of 32) from memory init port $paramod$265594dfef13cc9ce39f8657188d42484a49f5ec\MemoryBlock.$meminit$\rom$lib.v:35$599 (rom).
Removed top 26 address bits (of 32) from memory init port $paramod$265594dfef13cc9ce39f8657188d42484a49f5ec\MemoryBlock.$meminit$\rom$lib.v:36$600 (rom).
Removed top 26 address bits (of 32) from memory init port $paramod$265594dfef13cc9ce39f8657188d42484a49f5ec\MemoryBlock.$meminit$\rom$lib.v:37$601 (rom).
Removed top 26 address bits (of 32) from memory init port $paramod$265594dfef13cc9ce39f8657188d42484a49f5ec\MemoryBlock.$meminit$\rom$lib.v:38$602 (rom).
Removed top 26 address bits (of 32) from memory init port $paramod$265594dfef13cc9ce39f8657188d42484a49f5ec\MemoryBlock.$meminit$\rom$lib.v:39$603 (rom).
Removed top 26 address bits (of 32) from memory init port $paramod$265594dfef13cc9ce39f8657188d42484a49f5ec\MemoryBlock.$meminit$\rom$lib.v:40$604 (rom).
Removed top 26 address bits (of 32) from memory init port $paramod$265594dfef13cc9ce39f8657188d42484a49f5ec\MemoryBlock.$meminit$\rom$lib.v:41$605 (rom).
Removed top 26 address bits (of 32) from memory init port $paramod$265594dfef13cc9ce39f8657188d42484a49f5ec\MemoryBlock.$meminit$\rom$lib.v:42$606 (rom).
Removed top 26 address bits (of 32) from memory init port $paramod$265594dfef13cc9ce39f8657188d42484a49f5ec\MemoryBlock.$meminit$\rom$lib.v:43$607 (rom).
Removed top 26 address bits (of 32) from memory init port $paramod$265594dfef13cc9ce39f8657188d42484a49f5ec\MemoryBlock.$meminit$\rom$lib.v:44$608 (rom).
Removed top 26 address bits (of 32) from memory init port $paramod$265594dfef13cc9ce39f8657188d42484a49f5ec\MemoryBlock.$meminit$\rom$lib.v:45$609 (rom).
Removed top 26 address bits (of 32) from memory init port $paramod$265594dfef13cc9ce39f8657188d42484a49f5ec\MemoryBlock.$meminit$\rom$lib.v:46$610 (rom).
Removed top 26 address bits (of 32) from memory init port $paramod$265594dfef13cc9ce39f8657188d42484a49f5ec\MemoryBlock.$meminit$\rom$lib.v:47$611 (rom).
Removed top 26 address bits (of 32) from memory init port $paramod$265594dfef13cc9ce39f8657188d42484a49f5ec\MemoryBlock.$meminit$\rom$lib.v:48$612 (rom).
Removed top 26 address bits (of 32) from memory init port $paramod$265594dfef13cc9ce39f8657188d42484a49f5ec\MemoryBlock.$meminit$\rom$lib.v:49$613 (rom).
Removed top 26 address bits (of 32) from memory init port $paramod$265594dfef13cc9ce39f8657188d42484a49f5ec\MemoryBlock.$meminit$\rom$lib.v:50$614 (rom).
Removed top 26 address bits (of 32) from memory init port $paramod$265594dfef13cc9ce39f8657188d42484a49f5ec\MemoryBlock.$meminit$\rom$lib.v:51$615 (rom).
Removed top 26 address bits (of 32) from memory init port $paramod$265594dfef13cc9ce39f8657188d42484a49f5ec\MemoryBlock.$meminit$\rom$lib.v:52$616 (rom).
Removed top 26 address bits (of 32) from memory init port $paramod$265594dfef13cc9ce39f8657188d42484a49f5ec\MemoryBlock.$meminit$\rom$lib.v:53$617 (rom).
Removed top 26 address bits (of 32) from memory init port $paramod$265594dfef13cc9ce39f8657188d42484a49f5ec\MemoryBlock.$meminit$\rom$lib.v:54$618 (rom).
Removed top 26 address bits (of 32) from memory init port $paramod$265594dfef13cc9ce39f8657188d42484a49f5ec\MemoryBlock.$meminit$\rom$lib.v:55$619 (rom).
Removed top 26 address bits (of 32) from memory init port $paramod$265594dfef13cc9ce39f8657188d42484a49f5ec\MemoryBlock.$meminit$\rom$lib.v:56$620 (rom).
Removed top 26 address bits (of 32) from memory init port $paramod$265594dfef13cc9ce39f8657188d42484a49f5ec\MemoryBlock.$meminit$\rom$lib.v:57$621 (rom).
Removed top 26 address bits (of 32) from memory init port $paramod$265594dfef13cc9ce39f8657188d42484a49f5ec\MemoryBlock.$meminit$\rom$lib.v:58$622 (rom).
Removed top 26 address bits (of 32) from memory init port $paramod$265594dfef13cc9ce39f8657188d42484a49f5ec\MemoryBlock.$meminit$\rom$lib.v:59$623 (rom).
Removed top 26 address bits (of 32) from memory init port $paramod$265594dfef13cc9ce39f8657188d42484a49f5ec\MemoryBlock.$meminit$\rom$lib.v:60$624 (rom).
Removed top 26 address bits (of 32) from memory init port $paramod$265594dfef13cc9ce39f8657188d42484a49f5ec\MemoryBlock.$meminit$\rom$lib.v:61$625 (rom).
Removed top 26 address bits (of 32) from memory init port $paramod$265594dfef13cc9ce39f8657188d42484a49f5ec\MemoryBlock.$meminit$\rom$lib.v:62$626 (rom).
Removed top 26 address bits (of 32) from memory init port $paramod$265594dfef13cc9ce39f8657188d42484a49f5ec\MemoryBlock.$meminit$\rom$lib.v:63$627 (rom).
Removed top 26 address bits (of 32) from memory init port $paramod$265594dfef13cc9ce39f8657188d42484a49f5ec\MemoryBlock.$meminit$\rom$lib.v:64$628 (rom).
Removed top 26 address bits (of 32) from memory init port $paramod$265594dfef13cc9ce39f8657188d42484a49f5ec\MemoryBlock.$meminit$\rom$lib.v:65$629 (rom).
Removed top 26 address bits (of 32) from memory init port $paramod$265594dfef13cc9ce39f8657188d42484a49f5ec\MemoryBlock.$meminit$\rom$lib.v:66$630 (rom).
Removed top 26 address bits (of 32) from memory init port $paramod$265594dfef13cc9ce39f8657188d42484a49f5ec\MemoryBlock.$meminit$\rom$lib.v:67$631 (rom).
Removed top 26 address bits (of 32) from memory init port $paramod$265594dfef13cc9ce39f8657188d42484a49f5ec\MemoryBlock.$meminit$\rom$lib.v:68$632 (rom).
Removed top 26 address bits (of 32) from memory init port $paramod$265594dfef13cc9ce39f8657188d42484a49f5ec\MemoryBlock.$meminit$\rom$lib.v:69$633 (rom).
Removed top 26 address bits (of 32) from memory init port $paramod$265594dfef13cc9ce39f8657188d42484a49f5ec\MemoryBlock.$meminit$\rom$lib.v:70$634 (rom).
Removed top 26 address bits (of 32) from memory init port $paramod$265594dfef13cc9ce39f8657188d42484a49f5ec\MemoryBlock.$meminit$\rom$lib.v:71$635 (rom).
Removed top 26 address bits (of 32) from memory init port $paramod$265594dfef13cc9ce39f8657188d42484a49f5ec\MemoryBlock.$meminit$\rom$lib.v:72$636 (rom).
Removed top 26 address bits (of 32) from memory init port $paramod$265594dfef13cc9ce39f8657188d42484a49f5ec\MemoryBlock.$meminit$\rom$lib.v:73$637 (rom).
Removed top 26 address bits (of 32) from memory init port $paramod$265594dfef13cc9ce39f8657188d42484a49f5ec\MemoryBlock.$meminit$\rom$lib.v:74$638 (rom).
Removed top 26 address bits (of 32) from memory init port $paramod$265594dfef13cc9ce39f8657188d42484a49f5ec\MemoryBlock.$meminit$\rom$lib.v:75$639 (rom).
Removed top 26 address bits (of 32) from memory init port $paramod$265594dfef13cc9ce39f8657188d42484a49f5ec\MemoryBlock.$meminit$\rom$lib.v:76$640 (rom).
Removed top 24 bits (of 32) from port B of cell $paramod$6bbfd4b9c6bbd8b8029f9f6b747e0ddd70349be3\Multiplexer.$shiftx$lib.v:0$507 ($shiftx).
Removed top 31 bits (of 32) from port B of cell $paramod\Counter\SIZE=s32'00000000000000000000000000000010.$add$lib.v:114$285 ($add).
Removed top 30 bits (of 32) from port Y of cell $paramod\Counter\SIZE=s32'00000000000000000000000000000010.$add$lib.v:114$285 ($add).
Removed top 30 bits (of 32) from wire $paramod\Counter\SIZE=s32'00000000000000000000000000000010.$add$lib.v:114$285_Y.
Removed top 31 bits (of 32) from port B of cell $paramod\Counter\SIZE=s32'00000000000000000000000000000011.$add$lib.v:114$500 ($add).
Removed top 29 bits (of 32) from port Y of cell $paramod\Counter\SIZE=s32'00000000000000000000000000000011.$add$lib.v:114$500 ($add).
Removed top 29 bits (of 32) from wire $paramod\Counter\SIZE=s32'00000000000000000000000000000011.$add$lib.v:114$500_Y.
Removed top 31 bits (of 32) from port B of cell $paramod\Counter\SIZE=s32'00000000000000000000000000000110.$add$lib.v:114$289 ($add).
Removed top 26 bits (of 32) from port Y of cell $paramod\Counter\SIZE=s32'00000000000000000000000000000110.$add$lib.v:114$289 ($add).
Removed top 26 bits (of 32) from wire $paramod\Counter\SIZE=s32'00000000000000000000000000000110.$add$lib.v:114$289_Y.
Removed top 28 address bits (of 32) from memory init port HashGeneratorController.$auto$mem.cc:319:emit$709 ($auto$proc_rom.cc:150:do_switch$707).
Removed top 3 bits (of 4) from mux cell HashGeneratorController.$ternary$Controller.v:82$4 ($mux).
Removed top 2 bits (of 4) from mux cell HashGeneratorController.$ternary$Controller.v:84$5 ($mux).
Removed top 2 bits (of 4) from mux cell HashGeneratorController.$ternary$Controller.v:92$6 ($mux).
Removed top 3 bits (of 4) from port B of cell HashGeneratorController.$procmux$776_CMP0 ($eq).
Removed top 2 bits (of 4) from port B of cell HashGeneratorController.$procmux$775_CMP0 ($eq).
Removed top 2 bits (of 4) from port B of cell HashGeneratorController.$procmux$774_CMP0 ($eq).
Removed top 1 bits (of 4) from port B of cell HashGeneratorController.$procmux$773_CMP0 ($eq).
Removed top 1 bits (of 4) from port B of cell HashGeneratorController.$procmux$772_CMP0 ($eq).
Removed top 1 bits (of 4) from port B of cell HashGeneratorController.$procmux$771_CMP0 ($eq).
Removed top 1 bits (of 4) from port B of cell HashGeneratorController.$procmux$770_CMP0 ($eq).
Removed top 3 bits (of 4) from wire HashGeneratorController.$ternary$Controller.v:82$4_Y.
Removed top 2 bits (of 4) from wire HashGeneratorController.$ternary$Controller.v:84$5_Y.
Removed top 1 bits (of 3) from port B of cell RandomGeneratorController.$procmux$714_CMP0 ($eq).
Removed top 1 bits (of 3) from port B of cell RandomGeneratorController.$procmux$713_CMP0 ($eq).
Removed top 2 bits (of 3) from port B of cell RandomGeneratorController.$procmux$715_CMP0 ($eq).
Removed top 2 bits (of 3) from mux cell RandomGeneratorController.$ternary$RandomGeneratorController.v:55$270 ($mux).
Removed top 1 bits (of 3) from mux cell RandomGeneratorController.$ternary$RandomGeneratorController.v:57$271 ($mux).
Removed top 2 bits (of 3) from wire RandomGeneratorController.$ternary$RandomGeneratorController.v:55$270_Y.
Removed top 1 bits (of 3) from wire RandomGeneratorController.$ternary$RandomGeneratorController.v:57$271_Y.

10.10. Executing PEEPOPT pass (run peephole optimizers).

10.11. Executing OPT_CLEAN pass (remove unused cells and wires).
Finding unused cells or wires in module $paramod$07a05a8e97bfd10b63d62e10998c9e84f939df0a\Multiplexer..
Finding unused cells or wires in module $paramod$265594dfef13cc9ce39f8657188d42484a49f5ec\MemoryBlock..
Finding unused cells or wires in module $paramod$6bbfd4b9c6bbd8b8029f9f6b747e0ddd70349be3\Multiplexer..
Finding unused cells or wires in module $paramod\Adder\SIZE=s32'00000000000000000000000000100000..
Finding unused cells or wires in module $paramod\Counter\SIZE=s32'00000000000000000000000000000010..
Finding unused cells or wires in module $paramod\Counter\SIZE=s32'00000000000000000000000000000011..
Finding unused cells or wires in module $paramod\Counter\SIZE=s32'00000000000000000000000000000110..
Finding unused cells or wires in module $paramod\HashGeneratorDatapath\SIZE=s32'00000000000000000000000010000000..
Finding unused cells or wires in module $paramod\Multiplier\WIDTH=s32'00000000000000000000000000100000..
Finding unused cells or wires in module $paramod\Register\SIZE=s32'00000000000000000000000000100000..
Finding unused cells or wires in module \HashGenerator..
Finding unused cells or wires in module \HashGeneratorController..
Finding unused cells or wires in module \RandomGenerator..
Finding unused cells or wires in module \RandomGeneratorController..
Finding unused cells or wires in module \RandomGeneratorDatapath..
Removed 0 unused cells and 7 unused wires.
<suppressed ~5 debug messages>

10.12. Executing TECHMAP pass (map to technology primitives).

10.12.1. Executing Verilog-2005 frontend: /usr/bin/../share/yosys/cmp2lut.v
Parsing Verilog input from `/usr/bin/../share/yosys/cmp2lut.v' to AST representation.
Generating RTLIL representation for module `\_90_lut_cmp_'.
Successfully finished Verilog frontend.

10.12.2. Executing Verilog-2005 frontend: /usr/bin/../share/yosys/cmp2lcu.v
Parsing Verilog input from `/usr/bin/../share/yosys/cmp2lcu.v' to AST representation.
Generating RTLIL representation for module `\_80_lcu_cmp_'.
Generating RTLIL representation for module `\$__CMP2LCU'.
Successfully finished Verilog frontend.

10.12.3. Continuing TECHMAP pass.
No more expansions possible.
<suppressed ~7 debug messages>

10.13. Executing ALUMACC pass (create $alu and $macc cells).
Extracting $alu and $macc cells in module $paramod$07a05a8e97bfd10b63d62e10998c9e84f939df0a\Multiplexer:
  created 0 $alu and 0 $macc cells.
Extracting $alu and $macc cells in module $paramod$265594dfef13cc9ce39f8657188d42484a49f5ec\MemoryBlock:
  created 0 $alu and 0 $macc cells.
Extracting $alu and $macc cells in module $paramod$6bbfd4b9c6bbd8b8029f9f6b747e0ddd70349be3\Multiplexer:
  created 0 $alu and 0 $macc cells.
Extracting $alu and $macc cells in module $paramod\Adder\SIZE=s32'00000000000000000000000000100000:
  creating $macc model for $add$lib.v:260$509 ($add).
  creating $alu model for $macc $add$lib.v:260$509.
  creating $alu cell for $add$lib.v:260$509: $auto$alumacc.cc:485:replace_alu$909
  created 1 $alu and 0 $macc cells.
Extracting $alu and $macc cells in module $paramod\Counter\SIZE=s32'00000000000000000000000000000010:
  creating $macc model for $add$lib.v:114$285 ($add).
  creating $alu model for $macc $add$lib.v:114$285.
  creating $alu cell for $add$lib.v:114$285: $auto$alumacc.cc:485:replace_alu$912
  created 1 $alu and 0 $macc cells.
Extracting $alu and $macc cells in module $paramod\Counter\SIZE=s32'00000000000000000000000000000011:
  creating $macc model for $add$lib.v:114$500 ($add).
  creating $alu model for $macc $add$lib.v:114$500.
  creating $alu cell for $add$lib.v:114$500: $auto$alumacc.cc:485:replace_alu$915
  created 1 $alu and 0 $macc cells.
Extracting $alu and $macc cells in module $paramod\Counter\SIZE=s32'00000000000000000000000000000110:
  creating $macc model for $add$lib.v:114$289 ($add).
  creating $alu model for $macc $add$lib.v:114$289.
  creating $alu cell for $add$lib.v:114$289: $auto$alumacc.cc:485:replace_alu$918
  created 1 $alu and 0 $macc cells.
Extracting $alu and $macc cells in module $paramod\HashGeneratorDatapath\SIZE=s32'00000000000000000000000010000000:
  created 0 $alu and 0 $macc cells.
Extracting $alu and $macc cells in module $paramod\Multiplier\WIDTH=s32'00000000000000000000000000100000:
  creating $macc model for $mul$Multiplier.v:13$510 ($mul).
  creating $macc cell for $mul$Multiplier.v:13$510: $auto$alumacc.cc:365:replace_macc$921
  created 0 $alu and 1 $macc cells.
Extracting $alu and $macc cells in module $paramod\Register\SIZE=s32'00000000000000000000000000100000:
  created 0 $alu and 0 $macc cells.
Extracting $alu and $macc cells in module HashGenerator:
  created 0 $alu and 0 $macc cells.
Extracting $alu and $macc cells in module HashGeneratorController:
  created 0 $alu and 0 $macc cells.
Extracting $alu and $macc cells in module RandomGenerator:
  created 0 $alu and 0 $macc cells.
Extracting $alu and $macc cells in module RandomGeneratorController:
  created 0 $alu and 0 $macc cells.
Extracting $alu and $macc cells in module RandomGeneratorDatapath:
  created 0 $alu and 0 $macc cells.

10.14. Executing SHARE pass (SAT-based resource sharing).

10.15. Executing OPT pass (performing simple optimizations).

10.15.1. Executing OPT_EXPR pass (perform const folding).
Optimizing module $paramod$07a05a8e97bfd10b63d62e10998c9e84f939df0a\Multiplexer.
Optimizing module $paramod$265594dfef13cc9ce39f8657188d42484a49f5ec\MemoryBlock.
Optimizing module $paramod$6bbfd4b9c6bbd8b8029f9f6b747e0ddd70349be3\Multiplexer.
Optimizing module $paramod\Adder\SIZE=s32'00000000000000000000000000100000.
Optimizing module $paramod\Counter\SIZE=s32'00000000000000000000000000000010.
Optimizing module $paramod\Counter\SIZE=s32'00000000000000000000000000000011.
Optimizing module $paramod\Counter\SIZE=s32'00000000000000000000000000000110.
Optimizing module $paramod\HashGeneratorDatapath\SIZE=s32'00000000000000000000000010000000.
Optimizing module $paramod\Multiplier\WIDTH=s32'00000000000000000000000000100000.
Optimizing module $paramod\Register\SIZE=s32'00000000000000000000000000100000.
Optimizing module HashGenerator.
Optimizing module HashGeneratorController.
Optimizing module RandomGenerator.
Optimizing module RandomGeneratorController.
Optimizing module RandomGeneratorDatapath.

10.15.2. Executing OPT_MERGE pass (detect identical cells).
Finding identical cells in module `$paramod$07a05a8e97bfd10b63d62e10998c9e84f939df0a\Multiplexer'.
Finding identical cells in module `$paramod$265594dfef13cc9ce39f8657188d42484a49f5ec\MemoryBlock'.
Finding identical cells in module `$paramod$6bbfd4b9c6bbd8b8029f9f6b747e0ddd70349be3\Multiplexer'.
Finding identical cells in module `$paramod\Adder\SIZE=s32'00000000000000000000000000100000'.
Finding identical cells in module `$paramod\Counter\SIZE=s32'00000000000000000000000000000010'.
Finding identical cells in module `$paramod\Counter\SIZE=s32'00000000000000000000000000000011'.
Finding identical cells in module `$paramod\Counter\SIZE=s32'00000000000000000000000000000110'.
Finding identical cells in module `$paramod\HashGeneratorDatapath\SIZE=s32'00000000000000000000000010000000'.
Finding identical cells in module `$paramod\Multiplier\WIDTH=s32'00000000000000000000000000100000'.
Finding identical cells in module `$paramod\Register\SIZE=s32'00000000000000000000000000100000'.
Finding identical cells in module `\HashGenerator'.
Finding identical cells in module `\HashGeneratorController'.
Finding identical cells in module `\RandomGenerator'.
Finding identical cells in module `\RandomGeneratorController'.
Finding identical cells in module `\RandomGeneratorDatapath'.
Removed a total of 0 cells.

10.15.3. Executing OPT_MUXTREE pass (detect dead branches in mux trees).
Running muxtree optimizer on module $paramod$07a05a8e97bfd10b63d62e10998c9e84f939df0a\Multiplexer..
  Creating internal representation of mux trees.
  No muxes found in this module.
Running muxtree optimizer on module $paramod$265594dfef13cc9ce39f8657188d42484a49f5ec\MemoryBlock..
  Creating internal representation of mux trees.
  Evaluating internal representation of mux trees.
  Analyzing evaluation results.
Running muxtree optimizer on module $paramod$6bbfd4b9c6bbd8b8029f9f6b747e0ddd70349be3\Multiplexer..
  Creating internal representation of mux trees.
  No muxes found in this module.
Running muxtree optimizer on module $paramod\Adder\SIZE=s32'00000000000000000000000000100000..
  Creating internal representation of mux trees.
  No muxes found in this module.
Running muxtree optimizer on module $paramod\Counter\SIZE=s32'00000000000000000000000000000010..
  Creating internal representation of mux trees.
  Evaluating internal representation of mux trees.
  Analyzing evaluation results.
Running muxtree optimizer on module $paramod\Counter\SIZE=s32'00000000000000000000000000000011..
  Creating internal representation of mux trees.
  Evaluating internal representation of mux trees.
  Analyzing evaluation results.
Running muxtree optimizer on module $paramod\Counter\SIZE=s32'00000000000000000000000000000110..
  Creating internal representation of mux trees.
  Evaluating internal representation of mux trees.
  Analyzing evaluation results.
Running muxtree optimizer on module $paramod\HashGeneratorDatapath\SIZE=s32'00000000000000000000000010000000..
  Creating internal representation of mux trees.
  No muxes found in this module.
Running muxtree optimizer on module $paramod\Multiplier\WIDTH=s32'00000000000000000000000000100000..
  Creating internal representation of mux trees.
  No muxes found in this module.
Running muxtree optimizer on module $paramod\Register\SIZE=s32'00000000000000000000000000100000..
  Creating internal representation of mux trees.
  No muxes found in this module.
Running muxtree optimizer on module \HashGenerator..
  Creating internal representation of mux trees.
  No muxes found in this module.
Running muxtree optimizer on module \HashGeneratorController..
  Creating internal representation of mux trees.
  Evaluating internal representation of mux trees.
  Analyzing evaluation results.
Running muxtree optimizer on module \RandomGenerator..
  Creating internal representation of mux trees.
  No muxes found in this module.
Running muxtree optimizer on module \RandomGeneratorController..
  Creating internal representation of mux trees.
  Evaluating internal representation of mux trees.
  Analyzing evaluation results.
Running muxtree optimizer on module \RandomGeneratorDatapath..
  Creating internal representation of mux trees.
  Evaluating internal representation of mux trees.
  Analyzing evaluation results.
Removed 0 multiplexer ports.
<suppressed ~10 debug messages>

10.15.4. Executing OPT_REDUCE pass (consolidate $*mux and $reduce_* inputs).
  Optimizing cells in module $paramod$07a05a8e97bfd10b63d62e10998c9e84f939df0a\Multiplexer.
  Optimizing cells in module $paramod$265594dfef13cc9ce39f8657188d42484a49f5ec\MemoryBlock.
  Optimizing cells in module $paramod$6bbfd4b9c6bbd8b8029f9f6b747e0ddd70349be3\Multiplexer.
  Optimizing cells in module $paramod\Adder\SIZE=s32'00000000000000000000000000100000.
  Optimizing cells in module $paramod\Counter\SIZE=s32'00000000000000000000000000000010.
  Optimizing cells in module $paramod\Counter\SIZE=s32'00000000000000000000000000000011.
  Optimizing cells in module $paramod\Counter\SIZE=s32'00000000000000000000000000000110.
  Optimizing cells in module $paramod\HashGeneratorDatapath\SIZE=s32'00000000000000000000000010000000.
  Optimizing cells in module $paramod\Multiplier\WIDTH=s32'00000000000000000000000000100000.
  Optimizing cells in module $paramod\Register\SIZE=s32'00000000000000000000000000100000.
  Optimizing cells in module \HashGenerator.
  Optimizing cells in module \HashGeneratorController.
  Optimizing cells in module \RandomGenerator.
  Optimizing cells in module \RandomGeneratorController.
  Optimizing cells in module \RandomGeneratorDatapath.
Performed a total of 0 changes.

10.15.5. Executing OPT_MERGE pass (detect identical cells).
Finding identical cells in module `$paramod$07a05a8e97bfd10b63d62e10998c9e84f939df0a\Multiplexer'.
Finding identical cells in module `$paramod$265594dfef13cc9ce39f8657188d42484a49f5ec\MemoryBlock'.
Finding identical cells in module `$paramod$6bbfd4b9c6bbd8b8029f9f6b747e0ddd70349be3\Multiplexer'.
Finding identical cells in module `$paramod\Adder\SIZE=s32'00000000000000000000000000100000'.
Finding identical cells in module `$paramod\Counter\SIZE=s32'00000000000000000000000000000010'.
Finding identical cells in module `$paramod\Counter\SIZE=s32'00000000000000000000000000000011'.
Finding identical cells in module `$paramod\Counter\SIZE=s32'00000000000000000000000000000110'.
Finding identical cells in module `$paramod\HashGeneratorDatapath\SIZE=s32'00000000000000000000000010000000'.
Finding identical cells in module `$paramod\Multiplier\WIDTH=s32'00000000000000000000000000100000'.
Finding identical cells in module `$paramod\Register\SIZE=s32'00000000000000000000000000100000'.
Finding identical cells in module `\HashGenerator'.
Finding identical cells in module `\HashGeneratorController'.
Finding identical cells in module `\RandomGenerator'.
Finding identical cells in module `\RandomGeneratorController'.
Finding identical cells in module `\RandomGeneratorDatapath'.
Removed a total of 0 cells.

10.15.6. Executing OPT_DFF pass (perform DFF optimizations).

10.15.7. Executing OPT_CLEAN pass (remove unused cells and wires).
Finding unused cells or wires in module $paramod$07a05a8e97bfd10b63d62e10998c9e84f939df0a\Multiplexer..
Finding unused cells or wires in module $paramod$265594dfef13cc9ce39f8657188d42484a49f5ec\MemoryBlock..
Finding unused cells or wires in module $paramod$6bbfd4b9c6bbd8b8029f9f6b747e0ddd70349be3\Multiplexer..
Finding unused cells or wires in module $paramod\Adder\SIZE=s32'00000000000000000000000000100000..
Finding unused cells or wires in module $paramod\Counter\SIZE=s32'00000000000000000000000000000010..
Finding unused cells or wires in module $paramod\Counter\SIZE=s32'00000000000000000000000000000011..
Finding unused cells or wires in module $paramod\Counter\SIZE=s32'00000000000000000000000000000110..
Finding unused cells or wires in module $paramod\HashGeneratorDatapath\SIZE=s32'00000000000000000000000010000000..
Finding unused cells or wires in module $paramod\Multiplier\WIDTH=s32'00000000000000000000000000100000..
Finding unused cells or wires in module $paramod\Register\SIZE=s32'00000000000000000000000000100000..
Finding unused cells or wires in module \HashGenerator..
Finding unused cells or wires in module \HashGeneratorController..
Finding unused cells or wires in module \RandomGenerator..
Finding unused cells or wires in module \RandomGeneratorController..
Finding unused cells or wires in module \RandomGeneratorDatapath..

10.15.8. Executing OPT_EXPR pass (perform const folding).
Optimizing module $paramod$07a05a8e97bfd10b63d62e10998c9e84f939df0a\Multiplexer.
Optimizing module $paramod$265594dfef13cc9ce39f8657188d42484a49f5ec\MemoryBlock.
Optimizing module $paramod$6bbfd4b9c6bbd8b8029f9f6b747e0ddd70349be3\Multiplexer.
Optimizing module $paramod\Adder\SIZE=s32'00000000000000000000000000100000.
Optimizing module $paramod\Counter\SIZE=s32'00000000000000000000000000000010.
Optimizing module $paramod\Counter\SIZE=s32'00000000000000000000000000000011.
Optimizing module $paramod\Counter\SIZE=s32'00000000000000000000000000000110.
Optimizing module $paramod\HashGeneratorDatapath\SIZE=s32'00000000000000000000000010000000.
Optimizing module $paramod\Multiplier\WIDTH=s32'00000000000000000000000000100000.
Optimizing module $paramod\Register\SIZE=s32'00000000000000000000000000100000.
Optimizing module HashGenerator.
Optimizing module HashGeneratorController.
Optimizing module RandomGenerator.
Optimizing module RandomGeneratorController.
Optimizing module RandomGeneratorDatapath.

10.15.9. Finished OPT passes. (There is nothing left to do.)

10.16. Executing MEMORY pass.

10.16.1. Executing OPT_MEM pass (optimize memories).
$paramod$265594dfef13cc9ce39f8657188d42484a49f5ec\MemoryBlock.rom: removing const-0 lane 16
$paramod$265594dfef13cc9ce39f8657188d42484a49f5ec\MemoryBlock.rom: removing const-0 lane 17
$paramod$265594dfef13cc9ce39f8657188d42484a49f5ec\MemoryBlock.rom: removing const-0 lane 18
$paramod$265594dfef13cc9ce39f8657188d42484a49f5ec\MemoryBlock.rom: removing const-0 lane 19
$paramod$265594dfef13cc9ce39f8657188d42484a49f5ec\MemoryBlock.rom: removing const-0 lane 20
$paramod$265594dfef13cc9ce39f8657188d42484a49f5ec\MemoryBlock.rom: removing const-0 lane 21
$paramod$265594dfef13cc9ce39f8657188d42484a49f5ec\MemoryBlock.rom: removing const-0 lane 22
$paramod$265594dfef13cc9ce39f8657188d42484a49f5ec\MemoryBlock.rom: removing const-0 lane 23
$paramod$265594dfef13cc9ce39f8657188d42484a49f5ec\MemoryBlock.rom: removing const-0 lane 24
$paramod$265594dfef13cc9ce39f8657188d42484a49f5ec\MemoryBlock.rom: removing const-0 lane 25
$paramod$265594dfef13cc9ce39f8657188d42484a49f5ec\MemoryBlock.rom: removing const-0 lane 26
$paramod$265594dfef13cc9ce39f8657188d42484a49f5ec\MemoryBlock.rom: removing const-0 lane 27
$paramod$265594dfef13cc9ce39f8657188d42484a49f5ec\MemoryBlock.rom: removing const-0 lane 28
$paramod$265594dfef13cc9ce39f8657188d42484a49f5ec\MemoryBlock.rom: removing const-0 lane 29
$paramod$265594dfef13cc9ce39f8657188d42484a49f5ec\MemoryBlock.rom: removing const-0 lane 30
$paramod$265594dfef13cc9ce39f8657188d42484a49f5ec\MemoryBlock.rom: removing const-0 lane 31
Performed a total of 1 transformations.

10.16.2. Executing OPT_MEM_PRIORITY pass (removing unnecessary memory write priority relations).
Performed a total of 0 transformations.

10.16.3. Executing OPT_MEM_FEEDBACK pass (finding memory read-to-write feedback paths).

10.16.4. Executing MEMORY_BMUX2ROM pass (converting muxes to ROMs).

10.16.5. Executing MEMORY_DFF pass (merging $dff cells to $memrd).
Checking read port `\rom'[0] in module `$paramod$265594dfef13cc9ce39f8657188d42484a49f5ec\MemoryBlock': no output FF found.
Checking read port address `\rom'[0] in module `$paramod$265594dfef13cc9ce39f8657188d42484a49f5ec\MemoryBlock': no address FF found.
Checking read port `$auto$proc_rom.cc:150:do_switch$707'[0] in module `\HashGeneratorController': no output FF found.
Checking read port address `$auto$proc_rom.cc:150:do_switch$707'[0] in module `\HashGeneratorController': address FF has async set and/or reset, not supported.

10.16.6. Executing OPT_CLEAN pass (remove unused cells and wires).
Finding unused cells or wires in module $paramod$07a05a8e97bfd10b63d62e10998c9e84f939df0a\Multiplexer..
Finding unused cells or wires in module $paramod$265594dfef13cc9ce39f8657188d42484a49f5ec\MemoryBlock..
Finding unused cells or wires in module $paramod$6bbfd4b9c6bbd8b8029f9f6b747e0ddd70349be3\Multiplexer..
Finding unused cells or wires in module $paramod\Adder\SIZE=s32'00000000000000000000000000100000..
Finding unused cells or wires in module $paramod\Counter\SIZE=s32'00000000000000000000000000000010..
Finding unused cells or wires in module $paramod\Counter\SIZE=s32'00000000000000000000000000000011..
Finding unused cells or wires in module $paramod\Counter\SIZE=s32'00000000000000000000000000000110..
Finding unused cells or wires in module $paramod\HashGeneratorDatapath\SIZE=s32'00000000000000000000000010000000..
Finding unused cells or wires in module $paramod\Multiplier\WIDTH=s32'00000000000000000000000000100000..
Finding unused cells or wires in module $paramod\Register\SIZE=s32'00000000000000000000000000100000..
Finding unused cells or wires in module \HashGenerator..
Finding unused cells or wires in module \HashGeneratorController..
Finding unused cells or wires in module \RandomGenerator..
Finding unused cells or wires in module \RandomGeneratorController..
Finding unused cells or wires in module \RandomGeneratorDatapath..

10.16.7. Executing MEMORY_SHARE pass (consolidating $memrd/$memwr cells).

10.16.8. Executing OPT_MEM_WIDEN pass (optimize memories where all ports are wide).
Performed a total of 0 transformations.

10.16.9. Executing OPT_CLEAN pass (remove unused cells and wires).
Finding unused cells or wires in module $paramod$07a05a8e97bfd10b63d62e10998c9e84f939df0a\Multiplexer..
Finding unused cells or wires in module $paramod$265594dfef13cc9ce39f8657188d42484a49f5ec\MemoryBlock..
Finding unused cells or wires in module $paramod$6bbfd4b9c6bbd8b8029f9f6b747e0ddd70349be3\Multiplexer..
Finding unused cells or wires in module $paramod\Adder\SIZE=s32'00000000000000000000000000100000..
Finding unused cells or wires in module $paramod\Counter\SIZE=s32'00000000000000000000000000000010..
Finding unused cells or wires in module $paramod\Counter\SIZE=s32'00000000000000000000000000000011..
Finding unused cells or wires in module $paramod\Counter\SIZE=s32'00000000000000000000000000000110..
Finding unused cells or wires in module $paramod\HashGeneratorDatapath\SIZE=s32'00000000000000000000000010000000..
Finding unused cells or wires in module $paramod\Multiplier\WIDTH=s32'00000000000000000000000000100000..
Finding unused cells or wires in module $paramod\Register\SIZE=s32'00000000000000000000000000100000..
Finding unused cells or wires in module \HashGenerator..
Finding unused cells or wires in module \HashGeneratorController..
Finding unused cells or wires in module \RandomGenerator..
Finding unused cells or wires in module \RandomGeneratorController..
Finding unused cells or wires in module \RandomGeneratorDatapath..

10.16.10. Executing MEMORY_COLLECT pass (generating $mem cells).

10.17. Executing OPT_CLEAN pass (remove unused cells and wires).
Finding unused cells or wires in module $paramod$07a05a8e97bfd10b63d62e10998c9e84f939df0a\Multiplexer..
Finding unused cells or wires in module $paramod$265594dfef13cc9ce39f8657188d42484a49f5ec\MemoryBlock..
Finding unused cells or wires in module $paramod$6bbfd4b9c6bbd8b8029f9f6b747e0ddd70349be3\Multiplexer..
Finding unused cells or wires in module $paramod\Adder\SIZE=s32'00000000000000000000000000100000..
Finding unused cells or wires in module $paramod\Counter\SIZE=s32'00000000000000000000000000000010..
Finding unused cells or wires in module $paramod\Counter\SIZE=s32'00000000000000000000000000000011..
Finding unused cells or wires in module $paramod\Counter\SIZE=s32'00000000000000000000000000000110..
Finding unused cells or wires in module $paramod\HashGeneratorDatapath\SIZE=s32'00000000000000000000000010000000..
Finding unused cells or wires in module $paramod\Multiplier\WIDTH=s32'00000000000000000000000000100000..
Finding unused cells or wires in module $paramod\Register\SIZE=s32'00000000000000000000000000100000..
Finding unused cells or wires in module \HashGenerator..
Finding unused cells or wires in module \HashGeneratorController..
Finding unused cells or wires in module \RandomGenerator..
Finding unused cells or wires in module \RandomGeneratorController..
Finding unused cells or wires in module \RandomGeneratorDatapath..

10.18. Executing OPT pass (performing simple optimizations).

10.18.1. Executing OPT_EXPR pass (perform const folding).
Optimizing module $paramod$07a05a8e97bfd10b63d62e10998c9e84f939df0a\Multiplexer.
Optimizing module $paramod$265594dfef13cc9ce39f8657188d42484a49f5ec\MemoryBlock.
Optimizing module $paramod$6bbfd4b9c6bbd8b8029f9f6b747e0ddd70349be3\Multiplexer.
Optimizing module $paramod\Adder\SIZE=s32'00000000000000000000000000100000.
Optimizing module $paramod\Counter\SIZE=s32'00000000000000000000000000000010.
<suppressed ~1 debug messages>
Optimizing module $paramod\Counter\SIZE=s32'00000000000000000000000000000011.
<suppressed ~1 debug messages>
Optimizing module $paramod\Counter\SIZE=s32'00000000000000000000000000000110.
<suppressed ~1 debug messages>
Optimizing module $paramod\HashGeneratorDatapath\SIZE=s32'00000000000000000000000010000000.
Optimizing module $paramod\Multiplier\WIDTH=s32'00000000000000000000000000100000.
Optimizing module $paramod\Register\SIZE=s32'00000000000000000000000000100000.
Optimizing module HashGenerator.
Optimizing module HashGeneratorController.
<suppressed ~1 debug messages>
Optimizing module RandomGenerator.
Optimizing module RandomGeneratorController.
<suppressed ~4 debug messages>
Optimizing module RandomGeneratorDatapath.
<suppressed ~1 debug messages>

10.18.2. Executing OPT_MERGE pass (detect identical cells).
Finding identical cells in module `$paramod$07a05a8e97bfd10b63d62e10998c9e84f939df0a\Multiplexer'.
Finding identical cells in module `$paramod$265594dfef13cc9ce39f8657188d42484a49f5ec\MemoryBlock'.
Finding identical cells in module `$paramod$6bbfd4b9c6bbd8b8029f9f6b747e0ddd70349be3\Multiplexer'.
Finding identical cells in module `$paramod\Adder\SIZE=s32'00000000000000000000000000100000'.
Finding identical cells in module `$paramod\Counter\SIZE=s32'00000000000000000000000000000010'.
Finding identical cells in module `$paramod\Counter\SIZE=s32'00000000000000000000000000000011'.
Finding identical cells in module `$paramod\Counter\SIZE=s32'00000000000000000000000000000110'.
Finding identical cells in module `$paramod\HashGeneratorDatapath\SIZE=s32'00000000000000000000000010000000'.
Finding identical cells in module `$paramod\Multiplier\WIDTH=s32'00000000000000000000000000100000'.
Finding identical cells in module `$paramod\Register\SIZE=s32'00000000000000000000000000100000'.
Finding identical cells in module `\HashGenerator'.
Finding identical cells in module `\HashGeneratorController'.
Finding identical cells in module `\RandomGenerator'.
Finding identical cells in module `\RandomGeneratorController'.
Finding identical cells in module `\RandomGeneratorDatapath'.
Removed a total of 0 cells.

10.18.3. Executing OPT_DFF pass (perform DFF optimizations).

10.18.4. Executing OPT_CLEAN pass (remove unused cells and wires).
Finding unused cells or wires in module $paramod$07a05a8e97bfd10b63d62e10998c9e84f939df0a\Multiplexer..
Finding unused cells or wires in module $paramod$265594dfef13cc9ce39f8657188d42484a49f5ec\MemoryBlock..
Finding unused cells or wires in module $paramod$6bbfd4b9c6bbd8b8029f9f6b747e0ddd70349be3\Multiplexer..
Finding unused cells or wires in module $paramod\Adder\SIZE=s32'00000000000000000000000000100000..
Finding unused cells or wires in module $paramod\Counter\SIZE=s32'00000000000000000000000000000010..
Finding unused cells or wires in module $paramod\Counter\SIZE=s32'00000000000000000000000000000011..
Finding unused cells or wires in module $paramod\Counter\SIZE=s32'00000000000000000000000000000110..
Finding unused cells or wires in module $paramod\HashGeneratorDatapath\SIZE=s32'00000000000000000000000010000000..
Finding unused cells or wires in module $paramod\Multiplier\WIDTH=s32'00000000000000000000000000100000..
Finding unused cells or wires in module $paramod\Register\SIZE=s32'00000000000000000000000000100000..
Finding unused cells or wires in module \HashGenerator..
Finding unused cells or wires in module \HashGeneratorController..
Finding unused cells or wires in module \RandomGenerator..
Finding unused cells or wires in module \RandomGeneratorController..
Finding unused cells or wires in module \RandomGeneratorDatapath..
Removed 0 unused cells and 9 unused wires.
<suppressed ~6 debug messages>

10.18.5. Finished fast OPT passes.

10.19. Executing MEMORY_MAP pass (converting memories to logic and flip-flops).
Mapping memory \rom in module $paramod$265594dfef13cc9ce39f8657188d42484a49f5ec\MemoryBlock:
  created 64 $dff cells and 0 static cells of width 16.
  read interface: 0 $dff and 63 $mux cells.
  write interface: 0 write mux blocks.
Mapping memory $auto$proc_rom.cc:150:do_switch$707 in module \HashGeneratorController:
  created 16 $dff cells and 0 static cells of width 14.
  read interface: 0 $dff and 15 $mux cells.
  write interface: 0 write mux blocks.

10.20. Executing OPT pass (performing simple optimizations).

10.20.1. Executing OPT_EXPR pass (perform const folding).
Optimizing module $paramod$07a05a8e97bfd10b63d62e10998c9e84f939df0a\Multiplexer.
Optimizing module $paramod$265594dfef13cc9ce39f8657188d42484a49f5ec\MemoryBlock.
Optimizing module $paramod$6bbfd4b9c6bbd8b8029f9f6b747e0ddd70349be3\Multiplexer.
Optimizing module $paramod\Adder\SIZE=s32'00000000000000000000000000100000.
Optimizing module $paramod\Counter\SIZE=s32'00000000000000000000000000000010.
Optimizing module $paramod\Counter\SIZE=s32'00000000000000000000000000000011.
Optimizing module $paramod\Counter\SIZE=s32'00000000000000000000000000000110.
Optimizing module $paramod\HashGeneratorDatapath\SIZE=s32'00000000000000000000000010000000.
Optimizing module $paramod\Multiplier\WIDTH=s32'00000000000000000000000000100000.
Optimizing module $paramod\Register\SIZE=s32'00000000000000000000000000100000.
Optimizing module HashGenerator.
Optimizing module HashGeneratorController.
<suppressed ~5 debug messages>
Optimizing module RandomGenerator.
Optimizing module RandomGeneratorController.
Optimizing module RandomGeneratorDatapath.

10.20.2. Executing OPT_MERGE pass (detect identical cells).
Finding identical cells in module `$paramod$07a05a8e97bfd10b63d62e10998c9e84f939df0a\Multiplexer'.
Finding identical cells in module `$paramod$265594dfef13cc9ce39f8657188d42484a49f5ec\MemoryBlock'.
Finding identical cells in module `$paramod$6bbfd4b9c6bbd8b8029f9f6b747e0ddd70349be3\Multiplexer'.
Finding identical cells in module `$paramod\Adder\SIZE=s32'00000000000000000000000000100000'.
Finding identical cells in module `$paramod\Counter\SIZE=s32'00000000000000000000000000000010'.
Finding identical cells in module `$paramod\Counter\SIZE=s32'00000000000000000000000000000011'.
Finding identical cells in module `$paramod\Counter\SIZE=s32'00000000000000000000000000000110'.
Finding identical cells in module `$paramod\HashGeneratorDatapath\SIZE=s32'00000000000000000000000010000000'.
Finding identical cells in module `$paramod\Multiplier\WIDTH=s32'00000000000000000000000000100000'.
Finding identical cells in module `$paramod\Register\SIZE=s32'00000000000000000000000000100000'.
Finding identical cells in module `\HashGenerator'.
Finding identical cells in module `\HashGeneratorController'.
Finding identical cells in module `\RandomGenerator'.
Finding identical cells in module `\RandomGeneratorController'.
Finding identical cells in module `\RandomGeneratorDatapath'.
Removed a total of 0 cells.

10.20.3. Executing OPT_MUXTREE pass (detect dead branches in mux trees).
Running muxtree optimizer on module $paramod$07a05a8e97bfd10b63d62e10998c9e84f939df0a\Multiplexer..
  Creating internal representation of mux trees.
  No muxes found in this module.
Running muxtree optimizer on module $paramod$265594dfef13cc9ce39f8657188d42484a49f5ec\MemoryBlock..
  Creating internal representation of mux trees.
  Evaluating internal representation of mux trees.
  Analyzing evaluation results.
Running muxtree optimizer on module $paramod$6bbfd4b9c6bbd8b8029f9f6b747e0ddd70349be3\Multiplexer..
  Creating internal representation of mux trees.
  No muxes found in this module.
Running muxtree optimizer on module $paramod\Adder\SIZE=s32'00000000000000000000000000100000..
  Creating internal representation of mux trees.
  No muxes found in this module.
Running muxtree optimizer on module $paramod\Counter\SIZE=s32'00000000000000000000000000000010..
  Creating internal representation of mux trees.
  Evaluating internal representation of mux trees.
  Analyzing evaluation results.
Running muxtree optimizer on module $paramod\Counter\SIZE=s32'00000000000000000000000000000011..
  Creating internal representation of mux trees.
  Evaluating internal representation of mux trees.
  Analyzing evaluation results.
Running muxtree optimizer on module $paramod\Counter\SIZE=s32'00000000000000000000000000000110..
  Creating internal representation of mux trees.
  Evaluating internal representation of mux trees.
  Analyzing evaluation results.
Running muxtree optimizer on module $paramod\HashGeneratorDatapath\SIZE=s32'00000000000000000000000010000000..
  Creating internal representation of mux trees.
  No muxes found in this module.
Running muxtree optimizer on module $paramod\Multiplier\WIDTH=s32'00000000000000000000000000100000..
  Creating internal representation of mux trees.
  No muxes found in this module.
Running muxtree optimizer on module $paramod\Register\SIZE=s32'00000000000000000000000000100000..
  Creating internal representation of mux trees.
  No muxes found in this module.
Running muxtree optimizer on module \HashGenerator..
  Creating internal representation of mux trees.
  No muxes found in this module.
Running muxtree optimizer on module \HashGeneratorController..
  Creating internal representation of mux trees.
  Evaluating internal representation of mux trees.
  Analyzing evaluation results.
Running muxtree optimizer on module \RandomGenerator..
  Creating internal representation of mux trees.
  No muxes found in this module.
Running muxtree optimizer on module \RandomGeneratorController..
  Creating internal representation of mux trees.
  Evaluating internal representation of mux trees.
  Analyzing evaluation results.
Running muxtree optimizer on module \RandomGeneratorDatapath..
  Creating internal representation of mux trees.
  Evaluating internal representation of mux trees.
  Analyzing evaluation results.
Removed 0 multiplexer ports.
<suppressed ~8 debug messages>

10.20.4. Executing OPT_REDUCE pass (consolidate $*mux and $reduce_* inputs).
  Optimizing cells in module $paramod$07a05a8e97bfd10b63d62e10998c9e84f939df0a\Multiplexer.
  Optimizing cells in module $paramod$265594dfef13cc9ce39f8657188d42484a49f5ec\MemoryBlock.
    Consolidated identical input bits for $mux cell $memory\rom$rdmux[0][5][30]$1109:
      Old ports: A=16'0111111010000010, B=16'1111001000110101, Y=$memory\rom$rdmux[0][4][15]$a$1017
      New ports: A=2'10, B=2'01, Y=$memory\rom$rdmux[0][4][15]$a$1017 [1:0]
      New connections: $memory\rom$rdmux[0][4][15]$a$1017 [15:2] = { $memory\rom$rdmux[0][4][15]$a$1017 [0] 3'111 $memory\rom$rdmux[0][4][15]$a$1017 [1] $memory\rom$rdmux[0][4][15]$a$1017 [1] 2'10 $memory\rom$rdmux[0][4][15]$a$1017 [1] 1'0 $memory\rom$rdmux[0][4][15]$a$1017 [0] $memory\rom$rdmux[0][4][15]$a$1017 [0] 1'0 $memory\rom$rdmux[0][4][15]$a$1017 [0] }
    Consolidated identical input bits for $mux cell $memory\rom$rdmux[0][5][29]$1106:
      Old ports: A=16'0100001100010100, B=16'0001000110100001, Y=$memory\rom$rdmux[0][4][14]$b$1015
      New ports: A=2'10, B=2'01, Y={ $memory\rom$rdmux[0][4][14]$b$1015 [2] $memory\rom$rdmux[0][4][14]$b$1015 [0] }
      New connections: { $memory\rom$rdmux[0][4][14]$b$1015 [15:3] $memory\rom$rdmux[0][4][14]$b$1015 [1] } = { 1'0 $memory\rom$rdmux[0][4][14]$b$1015 [2] 1'0 $memory\rom$rdmux[0][4][14]$b$1015 [0] 2'00 $memory\rom$rdmux[0][4][14]$b$1015 [2] 1'1 $memory\rom$rdmux[0][4][14]$b$1015 [0] 1'0 $memory\rom$rdmux[0][4][14]$b$1015 [0] $memory\rom$rdmux[0][4][14]$b$1015 [2] 2'00 }
    Consolidated identical input bits for $mux cell $memory\rom$rdmux[0][5][28]$1103:
      Old ports: A=16'0111111001001111, B=16'1110011011100000, Y=$memory\rom$rdmux[0][4][14]$a$1014
      New ports: A=2'01, B=2'10, Y={ $memory\rom$rdmux[0][4][14]$a$1014 [5] $memory\rom$rdmux[0][4][14]$a$1014 [0] }
      New connections: { $memory\rom$rdmux[0][4][14]$a$1014 [15:6] $memory\rom$rdmux[0][4][14]$a$1014 [4:1] } = { $memory\rom$rdmux[0][4][14]$a$1014 [5] 2'11 $memory\rom$rdmux[0][4][14]$a$1014 [0] $memory\rom$rdmux[0][4][14]$a$1014 [0] 3'110 $memory\rom$rdmux[0][4][14]$a$1014 [5] 2'10 $memory\rom$rdmux[0][4][14]$a$1014 [0] $memory\rom$rdmux[0][4][14]$a$1014 [0] $memory\rom$rdmux[0][4][14]$a$1014 [0] }
    Consolidated identical input bits for $mux cell $memory\rom$rdmux[0][5][27]$1100:
      Old ports: A=16'1111010001111101, B=16'0101110111010001, Y=$memory\rom$rdmux[0][4][13]$b$1012
      New ports: A=2'01, B=2'10, Y={ $memory\rom$rdmux[0][4][13]$b$1012 [7] $memory\rom$rdmux[0][4][13]$b$1012 [2] }
      New connections: { $memory\rom$rdmux[0][4][13]$b$1012 [15:8] $memory\rom$rdmux[0][4][13]$b$1012 [6:3] $memory\rom$rdmux[0][4][13]$b$1012 [1:0] } = { $memory\rom$rdmux[0][4][13]$b$1012 [2] 1'1 $memory\rom$rdmux[0][4][13]$b$1012 [2] 1'1 $memory\rom$rdmux[0][4][13]$b$1012 [7] 2'10 $memory\rom$rdmux[0][4][13]$b$1012 [7] 1'1 $memory\rom$rdmux[0][4][13]$b$1012 [2] 1'1 $memory\rom$rdmux[0][4][13]$b$1012 [2] 2'01 }
    Consolidated identical input bits for $mux cell $memory\rom$rdmux[0][5][26]$1097:
      Old ports: A=16'0101100111000011, B=16'1100110010010010, Y=$memory\rom$rdmux[0][4][13]$a$1011
      New ports: A=2'01, B=2'10, Y={ $memory\rom$rdmux[0][4][13]$a$1011 [4] $memory\rom$rdmux[0][4][13]$a$1011 [0] }
      New connections: { $memory\rom$rdmux[0][4][13]$a$1011 [15:5] $memory\rom$rdmux[0][4][13]$a$1011 [3:1] } = { $memory\rom$rdmux[0][4][13]$a$1011 [4] 2'10 $memory\rom$rdmux[0][4][13]$a$1011 [0] 1'1 $memory\rom$rdmux[0][4][13]$a$1011 [4] 1'0 $memory\rom$rdmux[0][4][13]$a$1011 [0] 1'1 $memory\rom$rdmux[0][4][13]$a$1011 [0] 4'0001 }
    Consolidated identical input bits for $mux cell $memory\rom$rdmux[0][5][25]$1094:
      Old ports: A=16'0010001110100111, B=16'1010000000111001, Y=$memory\rom$rdmux[0][4][12]$b$1009
      New ports: A=2'01, B=2'10, Y={ $memory\rom$rdmux[0][4][12]$b$1009 [3] $memory\rom$rdmux[0][4][12]$b$1009 [1] }
      New connections: { $memory\rom$rdmux[0][4][12]$b$1009 [15:4] $memory\rom$rdmux[0][4][12]$b$1009 [2] $memory\rom$rdmux[0][4][12]$b$1009 [0] } = { $memory\rom$rdmux[0][4][12]$b$1009 [3] 5'01000 $memory\rom$rdmux[0][4][12]$b$1009 [1] $memory\rom$rdmux[0][4][12]$b$1009 [1] $memory\rom$rdmux[0][4][12]$b$1009 [1] 2'01 $memory\rom$rdmux[0][4][12]$b$1009 [3] $memory\rom$rdmux[0][4][12]$b$1009 [1] 1'1 }
    Consolidated identical input bits for $mux cell $memory\rom$rdmux[0][5][24]$1091:
      Old ports: A=16'0010001001000100, B=16'1111111110010111, Y=$memory\rom$rdmux[0][4][12]$a$1008
      New ports: A=2'10, B=2'01, Y={ $memory\rom$rdmux[0][4][12]$a$1008 [6] $memory\rom$rdmux[0][4][12]$a$1008 [0] }
      New connections: { $memory\rom$rdmux[0][4][12]$a$1008 [15:7] $memory\rom$rdmux[0][4][12]$a$1008 [5:1] } = { $memory\rom$rdmux[0][4][12]$a$1008 [0] $memory\rom$rdmux[0][4][12]$a$1008 [0] 1'1 $memory\rom$rdmux[0][4][12]$a$1008 [0] $memory\rom$rdmux[0][4][12]$a$1008 [0] $memory\rom$rdmux[0][4][12]$a$1008 [0] 1'1 $memory\rom$rdmux[0][4][12]$a$1008 [0] $memory\rom$rdmux[0][4][12]$a$1008 [0] 1'0 $memory\rom$rdmux[0][4][12]$a$1008 [0] 2'01 $memory\rom$rdmux[0][4][12]$a$1008 [0] }
    Consolidated identical input bits for $mux cell $memory\rom$rdmux[0][5][23]$1088:
      Old ports: A=16'0111110011111000, B=16'0101011001100101, Y=$memory\rom$rdmux[0][4][11]$b$1006
      New ports: A=2'10, B=2'01, Y={ $memory\rom$rdmux[0][4][11]$b$1006 [3] $memory\rom$rdmux[0][4][11]$b$1006 [0] }
      New connections: { $memory\rom$rdmux[0][4][11]$b$1006 [15:4] $memory\rom$rdmux[0][4][11]$b$1006 [2:1] } = { 2'01 $memory\rom$rdmux[0][4][11]$b$1006 [3] 1'1 $memory\rom$rdmux[0][4][11]$b$1006 [3] 1'1 $memory\rom$rdmux[0][4][11]$b$1006 [0] 1'0 $memory\rom$rdmux[0][4][11]$b$1006 [3] 2'11 $memory\rom$rdmux[0][4][11]$b$1006 [3] $memory\rom$rdmux[0][4][11]$b$1006 [0] 1'0 }
    Consolidated identical input bits for $mux cell $memory\rom$rdmux[0][5][22]$1085:
      Old ports: A=16'1101000000111001, B=16'1001100111100101, Y=$memory\rom$rdmux[0][4][11]$a$1005
      New ports: A=2'10, B=2'01, Y=$memory\rom$rdmux[0][4][11]$a$1005 [3:2]
      New connections: { $memory\rom$rdmux[0][4][11]$a$1005 [15:4] $memory\rom$rdmux[0][4][11]$a$1005 [1:0] } = { 1'1 $memory\rom$rdmux[0][4][11]$a$1005 [3] 2'01 $memory\rom$rdmux[0][4][11]$a$1005 [2] 2'00 $memory\rom$rdmux[0][4][11]$a$1005 [2] $memory\rom$rdmux[0][4][11]$a$1005 [2] $memory\rom$rdmux[0][4][11]$a$1005 [2] 1'1 $memory\rom$rdmux[0][4][11]$a$1005 [3] 2'01 }
    Consolidated identical input bits for $mux cell $memory\rom$rdmux[0][5][21]$1082:
      Old ports: A=16'0011000010000101, B=16'0001110100000101, Y=$memory\rom$rdmux[0][4][10]$b$1003
      New ports: A=2'01, B=2'10, Y=$memory\rom$rdmux[0][4][10]$b$1003 [8:7]
      New connections: { $memory\rom$rdmux[0][4][10]$b$1003 [15:9] $memory\rom$rdmux[0][4][10]$b$1003 [6:0] } = { 2'00 $memory\rom$rdmux[0][4][10]$b$1003 [7] 1'1 $memory\rom$rdmux[0][4][10]$b$1003 [8] $memory\rom$rdmux[0][4][10]$b$1003 [8] 8'00000101 }
    Consolidated identical input bits for $mux cell $memory\rom$rdmux[0][5][20]$1079:
      Old ports: A=16'0111111011000110, B=16'0010011111111010, Y=$memory\rom$rdmux[0][4][10]$a$1002
      New ports: A=2'01, B=2'10, Y=$memory\rom$rdmux[0][4][10]$a$1002 [3:2]
      New connections: { $memory\rom$rdmux[0][4][10]$a$1002 [15:4] $memory\rom$rdmux[0][4][10]$a$1002 [1:0] } = { 1'0 $memory\rom$rdmux[0][4][10]$a$1002 [2] 1'1 $memory\rom$rdmux[0][4][10]$a$1002 [2] $memory\rom$rdmux[0][4][10]$a$1002 [2] 2'11 $memory\rom$rdmux[0][4][10]$a$1002 [3] 2'11 $memory\rom$rdmux[0][4][10]$a$1002 [3] $memory\rom$rdmux[0][4][10]$a$1002 [3] 2'10 }
    Consolidated identical input bits for $mux cell $memory\rom$rdmux[0][5][19]$1076:
      Old ports: A=16'0100101101100000, B=16'1011110001110000, Y=$memory\rom$rdmux[0][4][9]$b$1000
      New ports: A=2'10, B=2'01, Y={ $memory\rom$rdmux[0][4][9]$b$1000 [8] $memory\rom$rdmux[0][4][9]$b$1000 [4] }
      New connections: { $memory\rom$rdmux[0][4][9]$b$1000 [15:9] $memory\rom$rdmux[0][4][9]$b$1000 [7:5] $memory\rom$rdmux[0][4][9]$b$1000 [3:0] } = { $memory\rom$rdmux[0][4][9]$b$1000 [4] $memory\rom$rdmux[0][4][9]$b$1000 [8] $memory\rom$rdmux[0][4][9]$b$1000 [4] $memory\rom$rdmux[0][4][9]$b$1000 [4] 1'1 $memory\rom$rdmux[0][4][9]$b$1000 [4] $memory\rom$rdmux[0][4][9]$b$1000 [8] 7'0110000 }
    Consolidated identical input bits for $mux cell $memory\rom$rdmux[0][5][18]$1073:
      Old ports: A=16'1110101001000100, B=16'1100111110101001, Y=$memory\rom$rdmux[0][4][9]$a$999
      New ports: A=2'10, B=2'01, Y={ $memory\rom$rdmux[0][4][9]$a$999 [2] $memory\rom$rdmux[0][4][9]$a$999 [0] }
      New connections: { $memory\rom$rdmux[0][4][9]$a$999 [15:3] $memory\rom$rdmux[0][4][9]$a$999 [1] } = { 2'11 $memory\rom$rdmux[0][4][9]$a$999 [2] 2'01 $memory\rom$rdmux[0][4][9]$a$999 [0] 1'1 $memory\rom$rdmux[0][4][9]$a$999 [0] $memory\rom$rdmux[0][4][9]$a$999 [0] $memory\rom$rdmux[0][4][9]$a$999 [2] $memory\rom$rdmux[0][4][9]$a$999 [0] 1'0 $memory\rom$rdmux[0][4][9]$a$999 [0] 1'0 }
    Consolidated identical input bits for $mux cell $memory\rom$rdmux[0][5][17]$1070:
      Old ports: A=16'0110000100100010, B=16'0011100000001100, Y=$memory\rom$rdmux[0][4][8]$b$997
      New ports: A=2'01, B=2'10, Y=$memory\rom$rdmux[0][4][8]$b$997 [2:1]
      New connections: { $memory\rom$rdmux[0][4][8]$b$997 [15:3] $memory\rom$rdmux[0][4][8]$b$997 [0] } = { 1'0 $memory\rom$rdmux[0][4][8]$b$997 [1] 1'1 $memory\rom$rdmux[0][4][8]$b$997 [2] $memory\rom$rdmux[0][4][8]$b$997 [2] 2'00 $memory\rom$rdmux[0][4][8]$b$997 [1] 2'00 $memory\rom$rdmux[0][4][8]$b$997 [1] 1'0 $memory\rom$rdmux[0][4][8]$b$997 [2] 1'0 }
    Consolidated identical input bits for $mux cell $memory\rom$rdmux[0][5][16]$1067:
      Old ports: A=16'0011100101000010, B=16'1111011010000001, Y=$memory\rom$rdmux[0][4][8]$a$996
      New ports: A=2'10, B=2'01, Y=$memory\rom$rdmux[0][4][8]$a$996 [1:0]
      New connections: $memory\rom$rdmux[0][4][8]$a$996 [15:2] = { $memory\rom$rdmux[0][4][8]$a$996 [0] $memory\rom$rdmux[0][4][8]$a$996 [0] 2'11 $memory\rom$rdmux[0][4][8]$a$996 [1:0] $memory\rom$rdmux[0][4][8]$a$996 [0] $memory\rom$rdmux[0][4][8]$a$996 [1:0] $memory\rom$rdmux[0][4][8]$a$996 [1] 4'0000 }
    Consolidated identical input bits for $mux cell $memory\rom$rdmux[0][5][15]$1064:
      Old ports: A=16'0000001011011001, B=16'0100110010001010, Y=$memory\rom$rdmux[0][4][7]$b$994
      New ports: A=2'01, B=2'10, Y=$memory\rom$rdmux[0][4][7]$b$994 [1:0]
      New connections: $memory\rom$rdmux[0][4][7]$b$994 [15:2] = { 1'0 $memory\rom$rdmux[0][4][7]$b$994 [1] 2'00 $memory\rom$rdmux[0][4][7]$b$994 [1] $memory\rom$rdmux[0][4][7]$b$994 [1:0] 2'01 $memory\rom$rdmux[0][4][7]$b$994 [0] 1'0 $memory\rom$rdmux[0][4][7]$b$994 [0] 2'10 }
    Consolidated identical input bits for $mux cell $memory\rom$rdmux[0][5][14]$1061:
      Old ports: A=16'1110100100000101, B=16'1010001111111000, Y=$memory\rom$rdmux[0][4][7]$a$993
      New ports: A=2'01, B=2'10, Y={ $memory\rom$rdmux[0][4][7]$a$993 [3] $memory\rom$rdmux[0][4][7]$a$993 [0] }
      New connections: { $memory\rom$rdmux[0][4][7]$a$993 [15:4] $memory\rom$rdmux[0][4][7]$a$993 [2:1] } = { 1'1 $memory\rom$rdmux[0][4][7]$a$993 [0] 2'10 $memory\rom$rdmux[0][4][7]$a$993 [0] 1'0 $memory\rom$rdmux[0][4][7]$a$993 [3] 1'1 $memory\rom$rdmux[0][4][7]$a$993 [3] $memory\rom$rdmux[0][4][7]$a$993 [3] $memory\rom$rdmux[0][4][7]$a$993 [3] $memory\rom$rdmux[0][4][7]$a$993 [3] $memory\rom$rdmux[0][4][7]$a$993 [0] 1'0 }
    Consolidated identical input bits for $mux cell $memory\rom$rdmux[0][5][13]$1058:
      Old ports: A=16'0000110110000111, B=16'0001010011101101, Y=$memory\rom$rdmux[0][4][6]$b$991
      New ports: A=2'01, B=2'10, Y={ $memory\rom$rdmux[0][4][6]$b$991 [3] $memory\rom$rdmux[0][4][6]$b$991 [1] }
      New connections: { $memory\rom$rdmux[0][4][6]$b$991 [15:4] $memory\rom$rdmux[0][4][6]$b$991 [2] $memory\rom$rdmux[0][4][6]$b$991 [0] } = { 3'000 $memory\rom$rdmux[0][4][6]$b$991 [3] $memory\rom$rdmux[0][4][6]$b$991 [1] 2'10 $memory\rom$rdmux[0][4][6]$b$991 [1] 1'1 $memory\rom$rdmux[0][4][6]$b$991 [3] $memory\rom$rdmux[0][4][6]$b$991 [3] 3'011 }
    Consolidated identical input bits for $mux cell $memory\rom$rdmux[0][5][12]$1055:
      Old ports: A=16'1100110111100110, B=16'0000011111010110, Y=$memory\rom$rdmux[0][4][6]$a$990
      New ports: A=2'10, B=2'01, Y=$memory\rom$rdmux[0][4][6]$a$990 [5:4]
      New connections: { $memory\rom$rdmux[0][4][6]$a$990 [15:6] $memory\rom$rdmux[0][4][6]$a$990 [3:0] } = { $memory\rom$rdmux[0][4][6]$a$990 [5] $memory\rom$rdmux[0][4][6]$a$990 [5] 2'00 $memory\rom$rdmux[0][4][6]$a$990 [5] 1'1 $memory\rom$rdmux[0][4][6]$a$990 [4] 7'1110110 }
    Consolidated identical input bits for $mux cell $memory\rom$rdmux[0][5][11]$1052:
      Old ports: A=16'1110011010000001, B=16'1111101111001000, Y=$memory\rom$rdmux[0][4][5]$b$988
      New ports: A=2'01, B=2'10, Y={ $memory\rom$rdmux[0][4][5]$b$988 [3] $memory\rom$rdmux[0][4][5]$b$988 [0] }
      New connections: { $memory\rom$rdmux[0][4][5]$b$988 [15:4] $memory\rom$rdmux[0][4][5]$b$988 [2:1] } = { 3'111 $memory\rom$rdmux[0][4][5]$b$988 [3] $memory\rom$rdmux[0][4][5]$b$988 [3] $memory\rom$rdmux[0][4][5]$b$988 [0] 1'1 $memory\rom$rdmux[0][4][5]$b$988 [3] 1'1 $memory\rom$rdmux[0][4][5]$b$988 [3] 4'0000 }
    Consolidated identical input bits for $mux cell $memory\rom$rdmux[0][5][10]$1049:
      Old ports: A=16'0001000001011101, B=16'0001010001010011, Y=$memory\rom$rdmux[0][4][5]$a$987
      New ports: A=2'10, B=2'01, Y=$memory\rom$rdmux[0][4][5]$a$987 [2:1]
      New connections: { $memory\rom$rdmux[0][4][5]$a$987 [15:3] $memory\rom$rdmux[0][4][5]$a$987 [0] } = { 5'00010 $memory\rom$rdmux[0][4][5]$a$987 [1] 6'000101 $memory\rom$rdmux[0][4][5]$a$987 [2] 1'1 }
    Consolidated identical input bits for $mux cell $memory\rom$rdmux[0][5][9]$1046:
      Old ports: A=16'0101101001010001, B=16'1100011110101010, Y=$memory\rom$rdmux[0][4][4]$b$985
      New ports: A=2'01, B=2'10, Y=$memory\rom$rdmux[0][4][4]$b$985 [1:0]
      New connections: $memory\rom$rdmux[0][4][4]$b$985 [15:2] = { $memory\rom$rdmux[0][4][4]$b$985 [1] 2'10 $memory\rom$rdmux[0][4][4]$b$985 [0] $memory\rom$rdmux[0][4][4]$b$985 [0] $memory\rom$rdmux[0][4][4]$b$985 [1] 1'1 $memory\rom$rdmux[0][4][4]$b$985 [1] $memory\rom$rdmux[0][4][4]$b$985 [1:0] $memory\rom$rdmux[0][4][4]$b$985 [1:0] $memory\rom$rdmux[0][4][4]$b$985 [1] 1'0 }
    Consolidated identical input bits for $mux cell $memory\rom$rdmux[0][5][8]$1043:
      Old ports: A=16'0010010101100010, B=16'1011001101000000, Y=$memory\rom$rdmux[0][4][4]$a$984
      New ports: A=2'01, B=2'10, Y={ $memory\rom$rdmux[0][4][4]$a$984 [9] $memory\rom$rdmux[0][4][4]$a$984 [1] }
      New connections: { $memory\rom$rdmux[0][4][4]$a$984 [15:10] $memory\rom$rdmux[0][4][4]$a$984 [8:2] $memory\rom$rdmux[0][4][4]$a$984 [0] } = { $memory\rom$rdmux[0][4][4]$a$984 [9] 2'01 $memory\rom$rdmux[0][4][4]$a$984 [9] 1'0 $memory\rom$rdmux[0][4][4]$a$984 [1] 3'101 $memory\rom$rdmux[0][4][4]$a$984 [1] 4'0000 }
    Consolidated identical input bits for $mux cell $memory\rom$rdmux[0][5][7]$1040:
      Old ports: A=16'0100001110001110, B=16'0000100000100001, Y=$memory\rom$rdmux[0][4][3]$b$982
      New ports: A=2'10, B=2'01, Y=$memory\rom$rdmux[0][4][3]$b$982 [1:0]
      New connections: $memory\rom$rdmux[0][4][3]$b$982 [15:2] = { 1'0 $memory\rom$rdmux[0][4][3]$b$982 [1] 2'00 $memory\rom$rdmux[0][4][3]$b$982 [0] 1'0 $memory\rom$rdmux[0][4][3]$b$982 [1] $memory\rom$rdmux[0][4][3]$b$982 [1] $memory\rom$rdmux[0][4][3]$b$982 [1] 1'0 $memory\rom$rdmux[0][4][3]$b$982 [0] 1'0 $memory\rom$rdmux[0][4][3]$b$982 [1] $memory\rom$rdmux[0][4][3]$b$982 [1] }
    Consolidated identical input bits for $mux cell $memory\rom$rdmux[0][5][6]$1037:
      Old ports: A=16'0001000100100010, B=16'0111000110010011, Y=$memory\rom$rdmux[0][4][3]$a$981
      New ports: A=2'10, B=2'01, Y={ $memory\rom$rdmux[0][4][3]$a$981 [5] $memory\rom$rdmux[0][4][3]$a$981 [0] }
      New connections: { $memory\rom$rdmux[0][4][3]$a$981 [15:6] $memory\rom$rdmux[0][4][3]$a$981 [4:1] } = { 1'0 $memory\rom$rdmux[0][4][3]$a$981 [0] $memory\rom$rdmux[0][4][3]$a$981 [0] 5'10001 $memory\rom$rdmux[0][4][3]$a$981 [0] 1'0 $memory\rom$rdmux[0][4][3]$a$981 [0] 3'001 }
    Consolidated identical input bits for $mux cell $memory\rom$rdmux[0][5][5]$1034:
      Old ports: A=16'0101101110110001, B=16'1101011110111110, Y=$memory\rom$rdmux[0][4][2]$b$979
      New ports: A=2'01, B=2'10, Y=$memory\rom$rdmux[0][4][2]$b$979 [1:0]
      New connections: $memory\rom$rdmux[0][4][2]$b$979 [15:2] = { $memory\rom$rdmux[0][4][2]$b$979 [1] 3'101 $memory\rom$rdmux[0][4][2]$b$979 [0] $memory\rom$rdmux[0][4][2]$b$979 [1] 6'111011 $memory\rom$rdmux[0][4][2]$b$979 [1] $memory\rom$rdmux[0][4][2]$b$979 [1] }
    Consolidated identical input bits for $mux cell $memory\rom$rdmux[0][5][4]$1031:
      Old ports: A=16'1001100011011000, B=16'1111011110101111, Y=$memory\rom$rdmux[0][4][2]$a$978
      New ports: A=2'10, B=2'01, Y={ $memory\rom$rdmux[0][4][2]$a$978 [4] $memory\rom$rdmux[0][4][2]$a$978 [0] }
      New connections: { $memory\rom$rdmux[0][4][2]$a$978 [15:5] $memory\rom$rdmux[0][4][2]$a$978 [3:1] } = { 1'1 $memory\rom$rdmux[0][4][2]$a$978 [0] $memory\rom$rdmux[0][4][2]$a$978 [0] 1'1 $memory\rom$rdmux[0][4][2]$a$978 [4] $memory\rom$rdmux[0][4][2]$a$978 [0] $memory\rom$rdmux[0][4][2]$a$978 [0] $memory\rom$rdmux[0][4][2]$a$978 [0] 1'1 $memory\rom$rdmux[0][4][2]$a$978 [4] $memory\rom$rdmux[0][4][2]$a$978 [0] 1'1 $memory\rom$rdmux[0][4][2]$a$978 [0] $memory\rom$rdmux[0][4][2]$a$978 [0] }
    Consolidated identical input bits for $mux cell $memory\rom$rdmux[0][5][3]$1028:
      Old ports: A=16'0100011000010011, B=16'1001010100000001, Y=$memory\rom$rdmux[0][4][1]$b$976
      New ports: A=2'01, B=2'10, Y={ $memory\rom$rdmux[0][4][1]$b$976 [8] $memory\rom$rdmux[0][4][1]$b$976 [1] }
      New connections: { $memory\rom$rdmux[0][4][1]$b$976 [15:9] $memory\rom$rdmux[0][4][1]$b$976 [7:2] $memory\rom$rdmux[0][4][1]$b$976 [0] } = { $memory\rom$rdmux[0][4][1]$b$976 [8] $memory\rom$rdmux[0][4][1]$b$976 [1] 1'0 $memory\rom$rdmux[0][4][1]$b$976 [8] 2'01 $memory\rom$rdmux[0][4][1]$b$976 [1] 3'000 $memory\rom$rdmux[0][4][1]$b$976 [1] 3'001 }
    Consolidated identical input bits for $mux cell $memory\rom$rdmux[0][5][2]$1025:
      Old ports: A=16'0000111110101111, B=16'1100011000101010, Y=$memory\rom$rdmux[0][4][1]$a$975
      New ports: A=2'01, B=2'10, Y={ $memory\rom$rdmux[0][4][1]$a$975 [14] $memory\rom$rdmux[0][4][1]$a$975 [0] }
      New connections: { $memory\rom$rdmux[0][4][1]$a$975 [15] $memory\rom$rdmux[0][4][1]$a$975 [13:1] } = { $memory\rom$rdmux[0][4][1]$a$975 [14] 2'00 $memory\rom$rdmux[0][4][1]$a$975 [0] 2'11 $memory\rom$rdmux[0][4][1]$a$975 [0] $memory\rom$rdmux[0][4][1]$a$975 [0] 4'0101 $memory\rom$rdmux[0][4][1]$a$975 [0] 1'1 }
    Consolidated identical input bits for $mux cell $memory\rom$rdmux[0][5][1]$1022:
      Old ports: A=16'0111000011011011, B=16'1100111011101110, Y=$memory\rom$rdmux[0][4][0]$b$973
      New ports: A=2'01, B=2'10, Y={ $memory\rom$rdmux[0][4][0]$b$973 [2] $memory\rom$rdmux[0][4][0]$b$973 [0] }
      New connections: { $memory\rom$rdmux[0][4][0]$b$973 [15:3] $memory\rom$rdmux[0][4][0]$b$973 [1] } = { $memory\rom$rdmux[0][4][0]$b$973 [2] 1'1 $memory\rom$rdmux[0][4][0]$b$973 [0] $memory\rom$rdmux[0][4][0]$b$973 [0] $memory\rom$rdmux[0][4][0]$b$973 [2] $memory\rom$rdmux[0][4][0]$b$973 [2] $memory\rom$rdmux[0][4][0]$b$973 [2] 3'011 $memory\rom$rdmux[0][4][0]$b$973 [2] $memory\rom$rdmux[0][4][0]$b$973 [0] 2'11 }
    Consolidated identical input bits for $mux cell $memory\rom$rdmux[0][5][0]$1019:
      Old ports: A=16'1010010001111000, B=16'1011011101010110, Y=$memory\rom$rdmux[0][4][0]$a$972
      New ports: A=2'10, B=2'01, Y={ $memory\rom$rdmux[0][4][0]$a$972 [3] $memory\rom$rdmux[0][4][0]$a$972 [1] }
      New connections: { $memory\rom$rdmux[0][4][0]$a$972 [15:4] $memory\rom$rdmux[0][4][0]$a$972 [2] $memory\rom$rdmux[0][4][0]$a$972 [0] } = { 3'101 $memory\rom$rdmux[0][4][0]$a$972 [1] 2'01 $memory\rom$rdmux[0][4][0]$a$972 [1] $memory\rom$rdmux[0][4][0]$a$972 [1] 2'01 $memory\rom$rdmux[0][4][0]$a$972 [3] 1'1 $memory\rom$rdmux[0][4][0]$a$972 [1] 1'0 }
    Consolidated identical input bits for $mux cell $procmux$744:
      Old ports: A=0, B={ 16'0000000000000000 $memrd$\rom$lib.v:81$576_DATA [15:0] }, Y=\dataOut
      New ports: A=16'0000000000000000, B=$memrd$\rom$lib.v:81$576_DATA [15:0], Y=\dataOut [15:0]
      New connections: \dataOut [31:16] = 16'0000000000000000
    Consolidated identical input bits for $mux cell $memory\rom$rdmux[0][5][31]$1112:
      Old ports: A=16'1101001010111011, B=16'1101001110010001, Y=$memory\rom$rdmux[0][4][15]$b$1018
      New ports: A=2'01, B=2'10, Y={ $memory\rom$rdmux[0][4][15]$b$1018 [8] $memory\rom$rdmux[0][4][15]$b$1018 [1] }
      New connections: { $memory\rom$rdmux[0][4][15]$b$1018 [15:9] $memory\rom$rdmux[0][4][15]$b$1018 [7:2] $memory\rom$rdmux[0][4][15]$b$1018 [0] } = { 9'110100110 $memory\rom$rdmux[0][4][15]$b$1018 [1] 1'1 $memory\rom$rdmux[0][4][15]$b$1018 [1] 2'01 }
  Optimizing cells in module $paramod$265594dfef13cc9ce39f8657188d42484a49f5ec\MemoryBlock.
    Consolidated identical input bits for $mux cell $memory\rom$rdmux[0][4][15]$1016:
      Old ports: A=$memory\rom$rdmux[0][4][15]$a$1017, B=$memory\rom$rdmux[0][4][15]$b$1018, Y=$memory\rom$rdmux[0][3][7]$b$970
      New ports: A={ 1'1 $memory\rom$rdmux[0][4][15]$a$1017 [1] 1'0 $memory\rom$rdmux[0][4][15]$a$1017 [1:0] 1'0 $memory\rom$rdmux[0][4][15]$a$1017 [0] $memory\rom$rdmux[0][4][15]$a$1017 [1:0] }, B={ 2'00 $memory\rom$rdmux[0][4][15]$b$1018 [8] 1'1 $memory\rom$rdmux[0][4][15]$b$1018 [1] $memory\rom$rdmux[0][4][15]$b$1018 [1] 1'0 $memory\rom$rdmux[0][4][15]$b$1018 [1] 1'1 }, Y={ $memory\rom$rdmux[0][3][7]$b$970 [13] $memory\rom$rdmux[0][3][7]$b$970 [10] $memory\rom$rdmux[0][3][7]$b$970 [8:7] $memory\rom$rdmux[0][3][7]$b$970 [5] $memory\rom$rdmux[0][3][7]$b$970 [3:0] }
      New connections: { $memory\rom$rdmux[0][3][7]$b$970 [15:14] $memory\rom$rdmux[0][3][7]$b$970 [12:11] $memory\rom$rdmux[0][3][7]$b$970 [9] $memory\rom$rdmux[0][3][7]$b$970 [6] $memory\rom$rdmux[0][3][7]$b$970 [4] } = { $memory\rom$rdmux[0][3][7]$b$970 [0] 2'11 $memory\rom$rdmux[0][3][7]$b$970 [10] 2'10 $memory\rom$rdmux[0][3][7]$b$970 [0] }
    Consolidated identical input bits for $mux cell $memory\rom$rdmux[0][4][14]$1013:
      Old ports: A=$memory\rom$rdmux[0][4][14]$a$1014, B=$memory\rom$rdmux[0][4][14]$b$1015, Y=$memory\rom$rdmux[0][3][7]$a$969
      New ports: A={ $memory\rom$rdmux[0][4][14]$a$1014 [5] 3'101 $memory\rom$rdmux[0][4][14]$a$1014 [5] 1'0 $memory\rom$rdmux[0][4][14]$a$1014 [0] $memory\rom$rdmux[0][4][14]$a$1014 [0] $memory\rom$rdmux[0][4][14]$a$1014 [0] }, B={ 1'0 $memory\rom$rdmux[0][4][14]$b$1015 [2] 2'10 $memory\rom$rdmux[0][4][14]$b$1015 [0] $memory\rom$rdmux[0][4][14]$b$1015 [2] $memory\rom$rdmux[0][4][14]$b$1015 [2] 1'0 $memory\rom$rdmux[0][4][14]$b$1015 [0] }, Y={ $memory\rom$rdmux[0][3][7]$a$969 [15] $memory\rom$rdmux[0][3][7]$a$969 [9:8] $memory\rom$rdmux[0][3][7]$a$969 [6:4] $memory\rom$rdmux[0][3][7]$a$969 [2:0] }
      New connections: { $memory\rom$rdmux[0][3][7]$a$969 [14:10] $memory\rom$rdmux[0][3][7]$a$969 [7] $memory\rom$rdmux[0][3][7]$a$969 [3] } = { $memory\rom$rdmux[0][3][7]$a$969 [9] $memory\rom$rdmux[0][3][7]$a$969 [6] $memory\rom$rdmux[0][3][7]$a$969 [0] $memory\rom$rdmux[0][3][7]$a$969 [1] $memory\rom$rdmux[0][3][7]$a$969 [6:5] $memory\rom$rdmux[0][3][7]$a$969 [1] }
    Consolidated identical input bits for $mux cell $memory\rom$rdmux[0][4][13]$1010:
      Old ports: A=$memory\rom$rdmux[0][4][13]$a$1011, B=$memory\rom$rdmux[0][4][13]$b$1012, Y=$memory\rom$rdmux[0][3][6]$b$967
      New ports: A={ $memory\rom$rdmux[0][4][13]$a$1011 [4] $memory\rom$rdmux[0][4][13]$a$1011 [0] 1'1 $memory\rom$rdmux[0][4][13]$a$1011 [4] 2'01 $memory\rom$rdmux[0][4][13]$a$1011 [0] }, B={ $memory\rom$rdmux[0][4][13]$b$1012 [2] $memory\rom$rdmux[0][4][13]$b$1012 [7] $memory\rom$rdmux[0][4][13]$b$1012 [7] 1'1 $memory\rom$rdmux[0][4][13]$b$1012 [2] 2'01 }, Y={ $memory\rom$rdmux[0][3][6]$b$967 [15] $memory\rom$rdmux[0][3][6]$b$967 [8:7] $memory\rom$rdmux[0][3][6]$b$967 [4] $memory\rom$rdmux[0][3][6]$b$967 [2:0] }
      New connections: { $memory\rom$rdmux[0][3][6]$b$967 [14:9] $memory\rom$rdmux[0][3][6]$b$967 [6:5] $memory\rom$rdmux[0][3][6]$b$967 [3] } = { 1'1 $memory\rom$rdmux[0][3][6]$b$967 [2] $memory\rom$rdmux[0][3][6]$b$967 [0] $memory\rom$rdmux[0][3][6]$b$967 [7] $memory\rom$rdmux[0][3][6]$b$967 [4] 1'0 $memory\rom$rdmux[0][3][6]$b$967 [0] $memory\rom$rdmux[0][3][6]$b$967 [2] $memory\rom$rdmux[0][3][6]$b$967 [2] }
    Consolidated identical input bits for $mux cell $memory\rom$rdmux[0][4][12]$1007:
      Old ports: A=$memory\rom$rdmux[0][4][12]$a$1008, B=$memory\rom$rdmux[0][4][12]$b$1009, Y=$memory\rom$rdmux[0][3][6]$a$966
      New ports: A={ $memory\rom$rdmux[0][4][12]$a$1008 [0] $memory\rom$rdmux[0][4][12]$a$1008 [6] 1'0 $memory\rom$rdmux[0][4][12]$a$1008 [0] 2'01 $memory\rom$rdmux[0][4][12]$a$1008 [0] $memory\rom$rdmux[0][4][12]$a$1008 [0] }, B={ 3'001 $memory\rom$rdmux[0][4][12]$b$1009 [3] $memory\rom$rdmux[0][4][12]$b$1009 [3] $memory\rom$rdmux[0][4][12]$b$1009 [1] $memory\rom$rdmux[0][4][12]$b$1009 [1] 1'1 }, Y={ $memory\rom$rdmux[0][3][6]$a$966 [10] $memory\rom$rdmux[0][3][6]$a$966 [6:0] }
      New connections: { $memory\rom$rdmux[0][3][6]$a$966 [15:11] $memory\rom$rdmux[0][3][6]$a$966 [9:7] } = { $memory\rom$rdmux[0][3][6]$a$966 [4] $memory\rom$rdmux[0][3][6]$a$966 [10] 1'1 $memory\rom$rdmux[0][3][6]$a$966 [10] $memory\rom$rdmux[0][3][6]$a$966 [10] $memory\rom$rdmux[0][3][6]$a$966 [2:1] $memory\rom$rdmux[0][3][6]$a$966 [1] }
    Consolidated identical input bits for $mux cell $memory\rom$rdmux[0][4][11]$1004:
      Old ports: A=$memory\rom$rdmux[0][4][11]$a$1005, B=$memory\rom$rdmux[0][4][11]$b$1006, Y=$memory\rom$rdmux[0][3][5]$b$964
      New ports: A={ 1'1 $memory\rom$rdmux[0][4][11]$a$1005 [3] 3'000 $memory\rom$rdmux[0][4][11]$a$1005 [2] $memory\rom$rdmux[0][4][11]$a$1005 [2] $memory\rom$rdmux[0][4][11]$a$1005 [2] $memory\rom$rdmux[0][4][11]$a$1005 [3:2] 1'1 }, B={ 2'01 $memory\rom$rdmux[0][4][11]$b$1006 [3] 1'1 $memory\rom$rdmux[0][4][11]$b$1006 [0] 1'0 $memory\rom$rdmux[0][4][11]$b$1006 [3] 1'1 $memory\rom$rdmux[0][4][11]$b$1006 [3] $memory\rom$rdmux[0][4][11]$b$1006 [0] $memory\rom$rdmux[0][4][11]$b$1006 [0] }, Y={ $memory\rom$rdmux[0][3][5]$b$964 [15:13] $memory\rom$rdmux[0][3][5]$b$964 [10:6] $memory\rom$rdmux[0][3][5]$b$964 [3:2] $memory\rom$rdmux[0][3][5]$b$964 [0] }
      New connections: { $memory\rom$rdmux[0][3][5]$b$964 [12:11] $memory\rom$rdmux[0][3][5]$b$964 [5:4] $memory\rom$rdmux[0][3][5]$b$964 [1] } = { 1'1 $memory\rom$rdmux[0][3][5]$b$964 [7] 1'1 $memory\rom$rdmux[0][3][5]$b$964 [3] 1'0 }
    Consolidated identical input bits for $mux cell $memory\rom$rdmux[0][4][10]$1001:
      Old ports: A=$memory\rom$rdmux[0][4][10]$a$1002, B=$memory\rom$rdmux[0][4][10]$b$1003, Y=$memory\rom$rdmux[0][3][5]$a$963
      New ports: A={ $memory\rom$rdmux[0][4][10]$a$1002 [2] $memory\rom$rdmux[0][4][10]$a$1002 [2] 1'1 $memory\rom$rdmux[0][4][10]$a$1002 [3] 1'1 $memory\rom$rdmux[0][4][10]$a$1002 [3:2] 2'10 }, B={ 1'0 $memory\rom$rdmux[0][4][10]$b$1003 [8] $memory\rom$rdmux[0][4][10]$b$1003 [8] $memory\rom$rdmux[0][4][10]$b$1003 [8:7] 4'0101 }, Y={ $memory\rom$rdmux[0][3][5]$a$963 [14] $memory\rom$rdmux[0][3][5]$a$963 [11:10] $memory\rom$rdmux[0][3][5]$a$963 [8:7] $memory\rom$rdmux[0][3][5]$a$963 [3:0] }
      New connections: { $memory\rom$rdmux[0][3][5]$a$963 [15] $memory\rom$rdmux[0][3][5]$a$963 [13:12] $memory\rom$rdmux[0][3][5]$a$963 [9] $memory\rom$rdmux[0][3][5]$a$963 [6:4] } = { 1'0 $memory\rom$rdmux[0][3][5]$a$963 [7] $memory\rom$rdmux[0][3][5]$a$963 [2:1] $memory\rom$rdmux[0][3][5]$a$963 [1] $memory\rom$rdmux[0][3][5]$a$963 [3] $memory\rom$rdmux[0][3][5]$a$963 [3] }
    Consolidated identical input bits for $mux cell $memory\rom$rdmux[0][4][9]$998:
      Old ports: A=$memory\rom$rdmux[0][4][9]$a$999, B=$memory\rom$rdmux[0][4][9]$b$1000, Y=$memory\rom$rdmux[0][3][4]$b$961
      New ports: A={ 1'1 $memory\rom$rdmux[0][4][9]$a$999 [2] $memory\rom$rdmux[0][4][9]$a$999 [0] 1'1 $memory\rom$rdmux[0][4][9]$a$999 [0] $memory\rom$rdmux[0][4][9]$a$999 [2] $memory\rom$rdmux[0][4][9]$a$999 [0] 1'0 $memory\rom$rdmux[0][4][9]$a$999 [2] $memory\rom$rdmux[0][4][9]$a$999 [0] }, B={ $memory\rom$rdmux[0][4][9]$b$1000 [4] $memory\rom$rdmux[0][4][9]$b$1000 [4] $memory\rom$rdmux[0][4][9]$b$1000 [4] $memory\rom$rdmux[0][4][9]$b$1000 [8] $memory\rom$rdmux[0][4][9]$b$1000 [8] 2'11 $memory\rom$rdmux[0][4][9]$b$1000 [4] 2'00 }, Y={ $memory\rom$rdmux[0][3][4]$b$961 [15] $memory\rom$rdmux[0][3][4]$b$961 [13] $memory\rom$rdmux[0][3][4]$b$961 [10:8] $memory\rom$rdmux[0][3][4]$b$961 [6:4] $memory\rom$rdmux[0][3][4]$b$961 [2] $memory\rom$rdmux[0][3][4]$b$961 [0] }
      New connections: { $memory\rom$rdmux[0][3][4]$b$961 [14] $memory\rom$rdmux[0][3][4]$b$961 [12:11] $memory\rom$rdmux[0][3][4]$b$961 [7] $memory\rom$rdmux[0][3][4]$b$961 [3] $memory\rom$rdmux[0][3][4]$b$961 [1] } = { $memory\rom$rdmux[0][3][4]$b$961 [9] $memory\rom$rdmux[0][3][4]$b$961 [4] 1'1 $memory\rom$rdmux[0][3][4]$b$961 [0] $memory\rom$rdmux[0][3][4]$b$961 [0] 1'0 }
    Consolidated identical input bits for $mux cell $memory\rom$rdmux[0][4][8]$995:
      Old ports: A=$memory\rom$rdmux[0][4][8]$a$996, B=$memory\rom$rdmux[0][4][8]$b$997, Y=$memory\rom$rdmux[0][3][4]$a$960
      New ports: A={ $memory\rom$rdmux[0][4][8]$a$996 [0] 1'1 $memory\rom$rdmux[0][4][8]$a$996 [1] $memory\rom$rdmux[0][4][8]$a$996 [1] 2'00 $memory\rom$rdmux[0][4][8]$a$996 [1:0] }, B={ $memory\rom$rdmux[0][4][8]$b$997 [1] $memory\rom$rdmux[0][4][8]$b$997 [2] $memory\rom$rdmux[0][4][8]$b$997 [2] 1'0 $memory\rom$rdmux[0][4][8]$b$997 [1] $memory\rom$rdmux[0][4][8]$b$997 [2:1] 1'0 }, Y={ $memory\rom$rdmux[0][3][4]$a$960 [14] $memory\rom$rdmux[0][3][4]$a$960 [12:11] $memory\rom$rdmux[0][3][4]$a$960 [6:5] $memory\rom$rdmux[0][3][4]$a$960 [2:0] }
      New connections: { $memory\rom$rdmux[0][3][4]$a$960 [15] $memory\rom$rdmux[0][3][4]$a$960 [13] $memory\rom$rdmux[0][3][4]$a$960 [10:7] $memory\rom$rdmux[0][3][4]$a$960 [4:3] } = { $memory\rom$rdmux[0][3][4]$a$960 [0] 1'1 $memory\rom$rdmux[0][3][4]$a$960 [0] $memory\rom$rdmux[0][3][4]$a$960 [0] $memory\rom$rdmux[0][3][4]$a$960 [1:0] 1'0 $memory\rom$rdmux[0][3][4]$a$960 [2] }
    Consolidated identical input bits for $mux cell $memory\rom$rdmux[0][4][7]$992:
      Old ports: A=$memory\rom$rdmux[0][4][7]$a$993, B=$memory\rom$rdmux[0][4][7]$b$994, Y=$memory\rom$rdmux[0][3][3]$b$958
      New ports: A={ $memory\rom$rdmux[0][4][7]$a$993 [0] 1'1 $memory\rom$rdmux[0][4][7]$a$993 [3] $memory\rom$rdmux[0][4][7]$a$993 [3] $memory\rom$rdmux[0][4][7]$a$993 [3] $memory\rom$rdmux[0][4][7]$a$993 [0] 1'0 $memory\rom$rdmux[0][4][7]$a$993 [0] }, B={ $memory\rom$rdmux[0][4][7]$b$994 [1] 2'00 $memory\rom$rdmux[0][4][7]$b$994 [0] 2'10 $memory\rom$rdmux[0][4][7]$b$994 [1:0] }, Y={ $memory\rom$rdmux[0][3][3]$b$958 [11] $memory\rom$rdmux[0][3][3]$b$958 [8] $memory\rom$rdmux[0][3][3]$b$958 [5:0] }
      New connections: { $memory\rom$rdmux[0][3][3]$b$958 [15:12] $memory\rom$rdmux[0][3][3]$b$958 [10:9] $memory\rom$rdmux[0][3][3]$b$958 [7:6] } = { $memory\rom$rdmux[0][3][3]$b$958 [8] $memory\rom$rdmux[0][3][3]$b$958 [11] $memory\rom$rdmux[0][3][3]$b$958 [8] 1'0 $memory\rom$rdmux[0][3][3]$b$958 [1] $memory\rom$rdmux[0][3][3]$b$958 [4:3] $memory\rom$rdmux[0][3][3]$b$958 [4] }
    Consolidated identical input bits for $mux cell $memory\rom$rdmux[0][4][6]$989:
      Old ports: A=$memory\rom$rdmux[0][4][6]$a$990, B=$memory\rom$rdmux[0][4][6]$b$991, Y=$memory\rom$rdmux[0][3][3]$a$957
      New ports: A={ $memory\rom$rdmux[0][4][6]$a$990 [5] $memory\rom$rdmux[0][4][6]$a$990 [5] 1'1 $memory\rom$rdmux[0][4][6]$a$990 [5:4] 3'010 }, B={ 1'0 $memory\rom$rdmux[0][4][6]$b$991 [1] $memory\rom$rdmux[0][4][6]$b$991 [3] $memory\rom$rdmux[0][4][6]$b$991 [3] 1'0 $memory\rom$rdmux[0][4][6]$b$991 [3] $memory\rom$rdmux[0][4][6]$b$991 [1] 1'1 }, Y={ $memory\rom$rdmux[0][3][3]$a$957 [14] $memory\rom$rdmux[0][3][3]$a$957 [11] $memory\rom$rdmux[0][3][3]$a$957 [6:3] $memory\rom$rdmux[0][3][3]$a$957 [1:0] }
      New connections: { $memory\rom$rdmux[0][3][3]$a$957 [15] $memory\rom$rdmux[0][3][3]$a$957 [13:12] $memory\rom$rdmux[0][3][3]$a$957 [10:7] $memory\rom$rdmux[0][3][3]$a$957 [2] } = { $memory\rom$rdmux[0][3][3]$a$957 [14] 1'0 $memory\rom$rdmux[0][3][3]$a$957 [3] 1'1 $memory\rom$rdmux[0][3][3]$a$957 [4] $memory\rom$rdmux[0][3][3]$a$957 [1] 2'11 }
    Consolidated identical input bits for $mux cell $memory\rom$rdmux[0][4][5]$986:
      Old ports: A=$memory\rom$rdmux[0][4][5]$a$987, B=$memory\rom$rdmux[0][4][5]$b$988, Y=$memory\rom$rdmux[0][3][2]$b$955
      New ports: A={ $memory\rom$rdmux[0][4][5]$a$987 [1] 4'0011 $memory\rom$rdmux[0][4][5]$a$987 [2] $memory\rom$rdmux[0][4][5]$a$987 [2:1] 1'1 }, B={ $memory\rom$rdmux[0][4][5]$b$988 [0] $memory\rom$rdmux[0][4][5]$b$988 [3] 1'1 $memory\rom$rdmux[0][4][5]$b$988 [3] 1'0 $memory\rom$rdmux[0][4][5]$b$988 [3] 2'00 $memory\rom$rdmux[0][4][5]$b$988 [0] }, Y={ $memory\rom$rdmux[0][3][2]$b$955 [10] $memory\rom$rdmux[0][3][2]$b$955 [8:6] $memory\rom$rdmux[0][3][2]$b$955 [4:0] }
      New connections: { $memory\rom$rdmux[0][3][2]$b$955 [15:11] $memory\rom$rdmux[0][3][2]$b$955 [9] $memory\rom$rdmux[0][3][2]$b$955 [5] } = { $memory\rom$rdmux[0][3][2]$b$955 [7] $memory\rom$rdmux[0][3][2]$b$955 [7] $memory\rom$rdmux[0][3][2]$b$955 [7:6] $memory\rom$rdmux[0][3][2]$b$955 [8:7] 1'0 }
    Consolidated identical input bits for $mux cell $memory\rom$rdmux[0][4][4]$983:
      Old ports: A=$memory\rom$rdmux[0][4][4]$a$984, B=$memory\rom$rdmux[0][4][4]$b$985, Y=$memory\rom$rdmux[0][3][2]$a$954
      New ports: A={ $memory\rom$rdmux[0][4][4]$a$984 [9] 2'01 $memory\rom$rdmux[0][4][4]$a$984 [9] $memory\rom$rdmux[0][4][4]$a$984 [9] 3'110 $memory\rom$rdmux[0][4][4]$a$984 [1] 1'0 }, B={ $memory\rom$rdmux[0][4][4]$b$985 [1] 2'10 $memory\rom$rdmux[0][4][4]$b$985 [0] 1'1 $memory\rom$rdmux[0][4][4]$b$985 [1:0] $memory\rom$rdmux[0][4][4]$b$985 [1] $memory\rom$rdmux[0][4][4]$b$985 [1:0] }, Y={ $memory\rom$rdmux[0][3][2]$a$954 [15:12] $memory\rom$rdmux[0][3][2]$a$954 [9:8] $memory\rom$rdmux[0][3][2]$a$954 [6] $memory\rom$rdmux[0][3][2]$a$954 [3] $memory\rom$rdmux[0][3][2]$a$954 [1:0] }
      New connections: { $memory\rom$rdmux[0][3][2]$a$954 [11:10] $memory\rom$rdmux[0][3][2]$a$954 [7] $memory\rom$rdmux[0][3][2]$a$954 [5:4] $memory\rom$rdmux[0][3][2]$a$954 [2] } = { $memory\rom$rdmux[0][3][2]$a$954 [0] $memory\rom$rdmux[0][3][2]$a$954 [1] $memory\rom$rdmux[0][3][2]$a$954 [3] $memory\rom$rdmux[0][3][2]$a$954 [1:0] 1'0 }
    Consolidated identical input bits for $mux cell $memory\rom$rdmux[0][4][3]$980:
      Old ports: A=$memory\rom$rdmux[0][4][3]$a$981, B=$memory\rom$rdmux[0][4][3]$b$982, Y=$memory\rom$rdmux[0][3][1]$b$952
      New ports: A={ 2'10 $memory\rom$rdmux[0][4][3]$a$981 [0] $memory\rom$rdmux[0][4][3]$a$981 [5] $memory\rom$rdmux[0][4][3]$a$981 [0] 2'01 $memory\rom$rdmux[0][4][3]$a$981 [0] }, B={ 1'0 $memory\rom$rdmux[0][4][3]$b$982 [0] $memory\rom$rdmux[0][4][3]$b$982 [1:0] 1'0 $memory\rom$rdmux[0][4][3]$b$982 [1] $memory\rom$rdmux[0][4][3]$b$982 [1:0] }, Y={ $memory\rom$rdmux[0][3][1]$b$952 [12:11] $memory\rom$rdmux[0][3][1]$b$952 [7] $memory\rom$rdmux[0][3][1]$b$952 [5:4] $memory\rom$rdmux[0][3][1]$b$952 [2:0] }
      New connections: { $memory\rom$rdmux[0][3][1]$b$952 [15:13] $memory\rom$rdmux[0][3][1]$b$952 [10:8] $memory\rom$rdmux[0][3][1]$b$952 [6] $memory\rom$rdmux[0][3][1]$b$952 [3] } = { 1'0 $memory\rom$rdmux[0][3][1]$b$952 [7] $memory\rom$rdmux[0][3][1]$b$952 [4] 1'0 $memory\rom$rdmux[0][3][1]$b$952 [2:1] 1'0 $memory\rom$rdmux[0][3][1]$b$952 [2] }
    Consolidated identical input bits for $mux cell $memory\rom$rdmux[0][4][2]$977:
      Old ports: A=$memory\rom$rdmux[0][4][2]$a$978, B=$memory\rom$rdmux[0][4][2]$b$979, Y=$memory\rom$rdmux[0][3][1]$a$951
      New ports: A={ $memory\rom$rdmux[0][4][2]$a$978 [0] $memory\rom$rdmux[0][4][2]$a$978 [4] $memory\rom$rdmux[0][4][2]$a$978 [4] $memory\rom$rdmux[0][4][2]$a$978 [0] $memory\rom$rdmux[0][4][2]$a$978 [4] 1'1 $memory\rom$rdmux[0][4][2]$a$978 [0] $memory\rom$rdmux[0][4][2]$a$978 [0] }, B={ 1'0 $memory\rom$rdmux[0][4][2]$b$979 [0] 3'011 $memory\rom$rdmux[0][4][2]$b$979 [1] $memory\rom$rdmux[0][4][2]$b$979 [1:0] }, Y={ $memory\rom$rdmux[0][3][1]$a$951 [13] $memory\rom$rdmux[0][3][1]$a$951 [11] $memory\rom$rdmux[0][3][1]$a$951 [6:3] $memory\rom$rdmux[0][3][1]$a$951 [1:0] }
      New connections: { $memory\rom$rdmux[0][3][1]$a$951 [15:14] $memory\rom$rdmux[0][3][1]$a$951 [12] $memory\rom$rdmux[0][3][1]$a$951 [10:7] $memory\rom$rdmux[0][3][1]$a$951 [2] } = { $memory\rom$rdmux[0][3][1]$a$951 [3] $memory\rom$rdmux[0][3][1]$a$951 [5] 1'1 $memory\rom$rdmux[0][3][1]$a$951 [1] $memory\rom$rdmux[0][3][1]$a$951 [5] $memory\rom$rdmux[0][3][1]$a$951 [5] 1'1 $memory\rom$rdmux[0][3][1]$a$951 [1] }
    Consolidated identical input bits for $mux cell $memory\rom$rdmux[0][4][1]$974:
      Old ports: A=$memory\rom$rdmux[0][4][1]$a$975, B=$memory\rom$rdmux[0][4][1]$b$976, Y=$memory\rom$rdmux[0][3][0]$b$949
      New ports: A={ $memory\rom$rdmux[0][4][1]$a$975 [14] $memory\rom$rdmux[0][4][1]$a$975 [14] 1'0 $memory\rom$rdmux[0][4][1]$a$975 [0] 2'01 $memory\rom$rdmux[0][4][1]$a$975 [0] 1'1 $memory\rom$rdmux[0][4][1]$a$975 [0] }, B={ $memory\rom$rdmux[0][4][1]$b$976 [8] $memory\rom$rdmux[0][4][1]$b$976 [1] $memory\rom$rdmux[0][4][1]$b$976 [8] $memory\rom$rdmux[0][4][1]$b$976 [8] $memory\rom$rdmux[0][4][1]$b$976 [1] 2'00 $memory\rom$rdmux[0][4][1]$b$976 [1] 1'1 }, Y={ $memory\rom$rdmux[0][3][0]$b$949 [15:14] $memory\rom$rdmux[0][3][0]$b$949 [12] $memory\rom$rdmux[0][3][0]$b$949 [8] $memory\rom$rdmux[0][3][0]$b$949 [4:0] }
      New connections: { $memory\rom$rdmux[0][3][0]$b$949 [13] $memory\rom$rdmux[0][3][0]$b$949 [11:9] $memory\rom$rdmux[0][3][0]$b$949 [7:5] } = { 1'0 $memory\rom$rdmux[0][3][0]$b$949 [2] 1'1 $memory\rom$rdmux[0][3][0]$b$949 [1] $memory\rom$rdmux[0][3][0]$b$949 [2] 1'0 $memory\rom$rdmux[0][3][0]$b$949 [3] }
    Consolidated identical input bits for $mux cell $memory\rom$rdmux[0][4][0]$971:
      Old ports: A=$memory\rom$rdmux[0][4][0]$a$972, B=$memory\rom$rdmux[0][4][0]$b$973, Y=$memory\rom$rdmux[0][3][0]$a$948
      New ports: A={ $memory\rom$rdmux[0][4][0]$a$972 [1] 2'01 $memory\rom$rdmux[0][4][0]$a$972 [1] 1'0 $memory\rom$rdmux[0][4][0]$a$972 [3] 1'1 $memory\rom$rdmux[0][4][0]$a$972 [3] $memory\rom$rdmux[0][4][0]$a$972 [1] $memory\rom$rdmux[0][4][0]$a$972 [1] 1'0 }, B={ $memory\rom$rdmux[0][4][0]$b$973 [0] $memory\rom$rdmux[0][4][0]$b$973 [2] $memory\rom$rdmux[0][4][0]$b$973 [2] 2'01 $memory\rom$rdmux[0][4][0]$b$973 [2] $memory\rom$rdmux[0][4][0]$b$973 [0] 1'1 $memory\rom$rdmux[0][4][0]$b$973 [2] 1'1 $memory\rom$rdmux[0][4][0]$b$973 [0] }, Y={ $memory\rom$rdmux[0][3][0]$a$948 [12:10] $memory\rom$rdmux[0][3][0]$a$948 [8:7] $memory\rom$rdmux[0][3][0]$a$948 [5:0] }
      New connections: { $memory\rom$rdmux[0][3][0]$a$948 [15:13] $memory\rom$rdmux[0][3][0]$a$948 [9] $memory\rom$rdmux[0][3][0]$a$948 [6] } = { $memory\rom$rdmux[0][3][0]$a$948 [10] $memory\rom$rdmux[0][3][0]$a$948 [7] $memory\rom$rdmux[0][3][0]$a$948 [4] $memory\rom$rdmux[0][3][0]$a$948 [2] 1'1 }
  Optimizing cells in module $paramod$265594dfef13cc9ce39f8657188d42484a49f5ec\MemoryBlock.
    Consolidated identical input bits for $mux cell $memory\rom$rdmux[0][3][7]$968:
      Old ports: A=$memory\rom$rdmux[0][3][7]$a$969, B=$memory\rom$rdmux[0][3][7]$b$970, Y=$memory\rom$rdmux[0][2][3]$b$946
      New ports: A={ $memory\rom$rdmux[0][3][7]$a$969 [15] $memory\rom$rdmux[0][3][7]$a$969 [6] $memory\rom$rdmux[0][3][7]$a$969 [0] $memory\rom$rdmux[0][3][7]$a$969 [1] $memory\rom$rdmux[0][3][7]$a$969 [6] $memory\rom$rdmux[0][3][7]$a$969 [9:8] $memory\rom$rdmux[0][3][7]$a$969 [5] $memory\rom$rdmux[0][3][7]$a$969 [6:4] $memory\rom$rdmux[0][3][7]$a$969 [1] $memory\rom$rdmux[0][3][7]$a$969 [2:0] }, B={ $memory\rom$rdmux[0][3][7]$b$970 [0] $memory\rom$rdmux[0][3][7]$b$970 [13] 1'1 $memory\rom$rdmux[0][3][7]$b$970 [10] $memory\rom$rdmux[0][3][7]$b$970 [10] 1'1 $memory\rom$rdmux[0][3][7]$b$970 [8:7] 1'0 $memory\rom$rdmux[0][3][7]$b$970 [5] $memory\rom$rdmux[0][3][7]$b$970 [0] $memory\rom$rdmux[0][3][7]$b$970 [3:0] }, Y={ $memory\rom$rdmux[0][2][3]$b$946 [15] $memory\rom$rdmux[0][2][3]$b$946 [13:0] }
      New connections: $memory\rom$rdmux[0][2][3]$b$946 [14] = $memory\rom$rdmux[0][2][3]$b$946 [9]
    Consolidated identical input bits for $mux cell $memory\rom$rdmux[0][3][5]$962:
      Old ports: A=$memory\rom$rdmux[0][3][5]$a$963, B=$memory\rom$rdmux[0][3][5]$b$964, Y=$memory\rom$rdmux[0][2][2]$b$943
      New ports: A={ 1'0 $memory\rom$rdmux[0][3][5]$a$963 [14] $memory\rom$rdmux[0][3][5]$a$963 [7] $memory\rom$rdmux[0][3][5]$a$963 [2] $memory\rom$rdmux[0][3][5]$a$963 [11:10] $memory\rom$rdmux[0][3][5]$a$963 [1] $memory\rom$rdmux[0][3][5]$a$963 [8:7] $memory\rom$rdmux[0][3][5]$a$963 [1] $memory\rom$rdmux[0][3][5]$a$963 [3] $memory\rom$rdmux[0][3][5]$a$963 [3:0] }, B={ $memory\rom$rdmux[0][3][5]$b$964 [15:13] 1'1 $memory\rom$rdmux[0][3][5]$b$964 [7] $memory\rom$rdmux[0][3][5]$b$964 [10:6] 1'1 $memory\rom$rdmux[0][3][5]$b$964 [3:2] 1'0 $memory\rom$rdmux[0][3][5]$b$964 [0] }, Y={ $memory\rom$rdmux[0][2][2]$b$943 [15:5] $memory\rom$rdmux[0][2][2]$b$943 [3:0] }
      New connections: $memory\rom$rdmux[0][2][2]$b$943 [4] = $memory\rom$rdmux[0][2][2]$b$943 [3]
    Consolidated identical input bits for $mux cell $memory\rom$rdmux[0][3][4]$959:
      Old ports: A=$memory\rom$rdmux[0][3][4]$a$960, B=$memory\rom$rdmux[0][3][4]$b$961, Y=$memory\rom$rdmux[0][2][2]$a$942
      New ports: A={ $memory\rom$rdmux[0][3][4]$a$960 [0] $memory\rom$rdmux[0][3][4]$a$960 [14] 1'1 $memory\rom$rdmux[0][3][4]$a$960 [12:11] $memory\rom$rdmux[0][3][4]$a$960 [0] $memory\rom$rdmux[0][3][4]$a$960 [0] $memory\rom$rdmux[0][3][4]$a$960 [1] $memory\rom$rdmux[0][3][4]$a$960 [6:5] 1'0 $memory\rom$rdmux[0][3][4]$a$960 [2] $memory\rom$rdmux[0][3][4]$a$960 [2:0] }, B={ $memory\rom$rdmux[0][3][4]$b$961 [15] $memory\rom$rdmux[0][3][4]$b$961 [9] $memory\rom$rdmux[0][3][4]$b$961 [13] $memory\rom$rdmux[0][3][4]$b$961 [4] 1'1 $memory\rom$rdmux[0][3][4]$b$961 [10:8] $memory\rom$rdmux[0][3][4]$b$961 [6:4] $memory\rom$rdmux[0][3][4]$b$961 [0] $memory\rom$rdmux[0][3][4]$b$961 [2] 1'0 $memory\rom$rdmux[0][3][4]$b$961 [0] }, Y={ $memory\rom$rdmux[0][2][2]$a$942 [15:8] $memory\rom$rdmux[0][2][2]$a$942 [6:0] }
      New connections: $memory\rom$rdmux[0][2][2]$a$942 [7] = $memory\rom$rdmux[0][2][2]$a$942 [0]
    Consolidated identical input bits for $mux cell $memory\rom$rdmux[0][3][3]$956:
      Old ports: A=$memory\rom$rdmux[0][3][3]$a$957, B=$memory\rom$rdmux[0][3][3]$b$958, Y=$memory\rom$rdmux[0][2][1]$b$940
      New ports: A={ $memory\rom$rdmux[0][3][3]$a$957 [14] $memory\rom$rdmux[0][3][3]$a$957 [14] 1'0 $memory\rom$rdmux[0][3][3]$a$957 [3] $memory\rom$rdmux[0][3][3]$a$957 [11] 1'1 $memory\rom$rdmux[0][3][3]$a$957 [1] 1'1 $memory\rom$rdmux[0][3][3]$a$957 [6:3] 1'1 $memory\rom$rdmux[0][3][3]$a$957 [1:0] }, B={ $memory\rom$rdmux[0][3][3]$b$958 [8] $memory\rom$rdmux[0][3][3]$b$958 [11] $memory\rom$rdmux[0][3][3]$b$958 [8] 1'0 $memory\rom$rdmux[0][3][3]$b$958 [11] $memory\rom$rdmux[0][3][3]$b$958 [1] $memory\rom$rdmux[0][3][3]$b$958 [8] $memory\rom$rdmux[0][3][3]$b$958 [3] $memory\rom$rdmux[0][3][3]$b$958 [4] $memory\rom$rdmux[0][3][3]$b$958 [5:0] }, Y={ $memory\rom$rdmux[0][2][1]$b$940 [15:10] $memory\rom$rdmux[0][2][1]$b$940 [8:0] }
      New connections: $memory\rom$rdmux[0][2][1]$b$940 [9] = $memory\rom$rdmux[0][2][1]$b$940 [4]
  Optimizing cells in module $paramod$265594dfef13cc9ce39f8657188d42484a49f5ec\MemoryBlock.
  Optimizing cells in module $paramod$6bbfd4b9c6bbd8b8029f9f6b747e0ddd70349be3\Multiplexer.
  Optimizing cells in module $paramod\Adder\SIZE=s32'00000000000000000000000000100000.
  Optimizing cells in module $paramod\Counter\SIZE=s32'00000000000000000000000000000010.
  Optimizing cells in module $paramod\Counter\SIZE=s32'00000000000000000000000000000011.
  Optimizing cells in module $paramod\Counter\SIZE=s32'00000000000000000000000000000110.
  Optimizing cells in module $paramod\HashGeneratorDatapath\SIZE=s32'00000000000000000000000010000000.
  Optimizing cells in module $paramod\Multiplier\WIDTH=s32'00000000000000000000000000100000.
  Optimizing cells in module $paramod\Register\SIZE=s32'00000000000000000000000000100000.
  Optimizing cells in module \HashGenerator.
  Optimizing cells in module \HashGeneratorController.
    Consolidated identical input bits for $mux cell $memory$auto$proc_rom.cc:150:do_switch$707$rdmux[0][3][1]$1139:
      Old ports: A=14'00000001100000, B=14'00000110000000, Y=$memory$auto$proc_rom.cc:150:do_switch$707$rdmux[0][2][0]$b$1126
      New ports: A=2'01, B=2'10, Y={ $memory$auto$proc_rom.cc:150:do_switch$707$rdmux[0][2][0]$b$1126 [7] $memory$auto$proc_rom.cc:150:do_switch$707$rdmux[0][2][0]$b$1126 [5] }
      New connections: { $memory$auto$proc_rom.cc:150:do_switch$707$rdmux[0][2][0]$b$1126 [13:8] $memory$auto$proc_rom.cc:150:do_switch$707$rdmux[0][2][0]$b$1126 [6] $memory$auto$proc_rom.cc:150:do_switch$707$rdmux[0][2][0]$b$1126 [4:0] } = { 5'00000 $memory$auto$proc_rom.cc:150:do_switch$707$rdmux[0][2][0]$b$1126 [7] $memory$auto$proc_rom.cc:150:do_switch$707$rdmux[0][2][0]$b$1126 [5] 5'00000 }
    Consolidated identical input bits for $mux cell $memory$auto$proc_rom.cc:150:do_switch$707$rdmux[0][3][2]$1142:
      Old ports: A=14'00000000010000, B=14'00000000000000, Y=$memory$auto$proc_rom.cc:150:do_switch$707$rdmux[0][2][1]$a$1128
      New ports: A=1'1, B=1'0, Y=$memory$auto$proc_rom.cc:150:do_switch$707$rdmux[0][2][1]$a$1128 [4]
      New connections: { $memory$auto$proc_rom.cc:150:do_switch$707$rdmux[0][2][1]$a$1128 [13:5] $memory$auto$proc_rom.cc:150:do_switch$707$rdmux[0][2][1]$a$1128 [3:0] } = 13'0000000000000
    Consolidated identical input bits for $mux cell $memory$auto$proc_rom.cc:150:do_switch$707$rdmux[0][3][4]$1148:
      Old ports: A=14'11000100000001, B=14'00000000000010, Y=$memory$auto$proc_rom.cc:150:do_switch$707$rdmux[0][2][2]$a$1131
      New ports: A=2'01, B=2'10, Y=$memory$auto$proc_rom.cc:150:do_switch$707$rdmux[0][2][2]$a$1131 [1:0]
      New connections: $memory$auto$proc_rom.cc:150:do_switch$707$rdmux[0][2][2]$a$1131 [13:2] = { $memory$auto$proc_rom.cc:150:do_switch$707$rdmux[0][2][2]$a$1131 [0] $memory$auto$proc_rom.cc:150:do_switch$707$rdmux[0][2][2]$a$1131 [0] 3'000 $memory$auto$proc_rom.cc:150:do_switch$707$rdmux[0][2][2]$a$1131 [0] 6'000000 }
    Consolidated identical input bits for $mux cell $memory$auto$proc_rom.cc:150:do_switch$707$rdmux[0][3][3]$1145:
      Old ports: A=14'00011000000000, B=14'00110000001100, Y=$memory$auto$proc_rom.cc:150:do_switch$707$rdmux[0][2][1]$b$1129
      New ports: A=2'10, B=2'01, Y={ $memory$auto$proc_rom.cc:150:do_switch$707$rdmux[0][2][1]$b$1129 [9] $memory$auto$proc_rom.cc:150:do_switch$707$rdmux[0][2][1]$b$1129 [2] }
      New connections: { $memory$auto$proc_rom.cc:150:do_switch$707$rdmux[0][2][1]$b$1129 [13:10] $memory$auto$proc_rom.cc:150:do_switch$707$rdmux[0][2][1]$b$1129 [8:3] $memory$auto$proc_rom.cc:150:do_switch$707$rdmux[0][2][1]$b$1129 [1:0] } = { 2'00 $memory$auto$proc_rom.cc:150:do_switch$707$rdmux[0][2][1]$b$1129 [2] 6'100000 $memory$auto$proc_rom.cc:150:do_switch$707$rdmux[0][2][1]$b$1129 [2] 2'00 }
    Consolidated identical input bits for $mux cell $ternary$Controller.v:96$7:
      Old ports: A=4'0111, B=4'1000, Y=$ternary$Controller.v:96$7_Y
      New ports: A=2'01, B=2'10, Y={ $ternary$Controller.v:96$7_Y [3] $ternary$Controller.v:96$7_Y [0] }
      New connections: $ternary$Controller.v:96$7_Y [2:1] = { $ternary$Controller.v:96$7_Y [0] $ternary$Controller.v:96$7_Y [0] }
    Consolidated identical input bits for $mux cell $ternary$Controller.v:98$8:
      Old ports: A=4'0100, B=4'1001, Y=$ternary$Controller.v:98$8_Y
      New ports: A=2'10, B=2'01, Y={ $ternary$Controller.v:98$8_Y [2] $ternary$Controller.v:98$8_Y [0] }
      New connections: { $ternary$Controller.v:98$8_Y [3] $ternary$Controller.v:98$8_Y [1] } = { $ternary$Controller.v:98$8_Y [0] 1'0 }
  Optimizing cells in module \HashGeneratorController.
    Consolidated identical input bits for $mux cell $memory$auto$proc_rom.cc:150:do_switch$707$rdmux[0][2][2]$1130:
      Old ports: A=$memory$auto$proc_rom.cc:150:do_switch$707$rdmux[0][2][2]$a$1131, B=14'00000000000000, Y=$memory$auto$proc_rom.cc:150:do_switch$707$rdmux[0][1][1]$a$1122
      New ports: A=$memory$auto$proc_rom.cc:150:do_switch$707$rdmux[0][2][2]$a$1131 [1:0], B=2'00, Y=$memory$auto$proc_rom.cc:150:do_switch$707$rdmux[0][1][1]$a$1122 [1:0]
      New connections: $memory$auto$proc_rom.cc:150:do_switch$707$rdmux[0][1][1]$a$1122 [13:2] = { $memory$auto$proc_rom.cc:150:do_switch$707$rdmux[0][1][1]$a$1122 [0] $memory$auto$proc_rom.cc:150:do_switch$707$rdmux[0][1][1]$a$1122 [0] 3'000 $memory$auto$proc_rom.cc:150:do_switch$707$rdmux[0][1][1]$a$1122 [0] 6'000000 }
    Consolidated identical input bits for $mux cell $memory$auto$proc_rom.cc:150:do_switch$707$rdmux[0][2][1]$1127:
      Old ports: A=$memory$auto$proc_rom.cc:150:do_switch$707$rdmux[0][2][1]$a$1128, B=$memory$auto$proc_rom.cc:150:do_switch$707$rdmux[0][2][1]$b$1129, Y=$memory$auto$proc_rom.cc:150:do_switch$707$rdmux[0][1][0]$b$1120
      New ports: A={ 2'00 $memory$auto$proc_rom.cc:150:do_switch$707$rdmux[0][2][1]$a$1128 [4] 1'0 }, B={ 1'1 $memory$auto$proc_rom.cc:150:do_switch$707$rdmux[0][2][1]$b$1129 [9] 1'0 $memory$auto$proc_rom.cc:150:do_switch$707$rdmux[0][2][1]$b$1129 [2] }, Y={ $memory$auto$proc_rom.cc:150:do_switch$707$rdmux[0][1][0]$b$1120 [10:9] $memory$auto$proc_rom.cc:150:do_switch$707$rdmux[0][1][0]$b$1120 [4] $memory$auto$proc_rom.cc:150:do_switch$707$rdmux[0][1][0]$b$1120 [2] }
      New connections: { $memory$auto$proc_rom.cc:150:do_switch$707$rdmux[0][1][0]$b$1120 [13:11] $memory$auto$proc_rom.cc:150:do_switch$707$rdmux[0][1][0]$b$1120 [8:5] $memory$auto$proc_rom.cc:150:do_switch$707$rdmux[0][1][0]$b$1120 [3] $memory$auto$proc_rom.cc:150:do_switch$707$rdmux[0][1][0]$b$1120 [1:0] } = { 2'00 $memory$auto$proc_rom.cc:150:do_switch$707$rdmux[0][1][0]$b$1120 [2] 4'0000 $memory$auto$proc_rom.cc:150:do_switch$707$rdmux[0][1][0]$b$1120 [2] 2'00 }
    Consolidated identical input bits for $mux cell $memory$auto$proc_rom.cc:150:do_switch$707$rdmux[0][2][0]$1124:
      Old ports: A=14'00000000000000, B=$memory$auto$proc_rom.cc:150:do_switch$707$rdmux[0][2][0]$b$1126, Y=$memory$auto$proc_rom.cc:150:do_switch$707$rdmux[0][1][0]$a$1119
      New ports: A=2'00, B={ $memory$auto$proc_rom.cc:150:do_switch$707$rdmux[0][2][0]$b$1126 [7] $memory$auto$proc_rom.cc:150:do_switch$707$rdmux[0][2][0]$b$1126 [5] }, Y={ $memory$auto$proc_rom.cc:150:do_switch$707$rdmux[0][1][0]$a$1119 [7] $memory$auto$proc_rom.cc:150:do_switch$707$rdmux[0][1][0]$a$1119 [5] }
      New connections: { $memory$auto$proc_rom.cc:150:do_switch$707$rdmux[0][1][0]$a$1119 [13:8] $memory$auto$proc_rom.cc:150:do_switch$707$rdmux[0][1][0]$a$1119 [6] $memory$auto$proc_rom.cc:150:do_switch$707$rdmux[0][1][0]$a$1119 [4:0] } = { 5'00000 $memory$auto$proc_rom.cc:150:do_switch$707$rdmux[0][1][0]$a$1119 [7] $memory$auto$proc_rom.cc:150:do_switch$707$rdmux[0][1][0]$a$1119 [5] 5'00000 }
  Optimizing cells in module \HashGeneratorController.
    Consolidated identical input bits for $mux cell $memory$auto$proc_rom.cc:150:do_switch$707$rdmux[0][1][1]$1121:
      Old ports: A=$memory$auto$proc_rom.cc:150:do_switch$707$rdmux[0][1][1]$a$1122, B=14'00000000000000, Y=$memory$auto$proc_rom.cc:150:do_switch$707$rdmux[0][0][0]$b$1117
      New ports: A=$memory$auto$proc_rom.cc:150:do_switch$707$rdmux[0][1][1]$a$1122 [1:0], B=2'00, Y=$memory$auto$proc_rom.cc:150:do_switch$707$rdmux[0][0][0]$b$1117 [1:0]
      New connections: $memory$auto$proc_rom.cc:150:do_switch$707$rdmux[0][0][0]$b$1117 [13:2] = { $memory$auto$proc_rom.cc:150:do_switch$707$rdmux[0][0][0]$b$1117 [0] $memory$auto$proc_rom.cc:150:do_switch$707$rdmux[0][0][0]$b$1117 [0] 3'000 $memory$auto$proc_rom.cc:150:do_switch$707$rdmux[0][0][0]$b$1117 [0] 6'000000 }
    Consolidated identical input bits for $mux cell $memory$auto$proc_rom.cc:150:do_switch$707$rdmux[0][1][0]$1118:
      Old ports: A=$memory$auto$proc_rom.cc:150:do_switch$707$rdmux[0][1][0]$a$1119, B=$memory$auto$proc_rom.cc:150:do_switch$707$rdmux[0][1][0]$b$1120, Y=$memory$auto$proc_rom.cc:150:do_switch$707$rdmux[0][0][0]$a$1116
      New ports: A={ 2'00 $memory$auto$proc_rom.cc:150:do_switch$707$rdmux[0][1][0]$a$1119 [7] $memory$auto$proc_rom.cc:150:do_switch$707$rdmux[0][1][0]$a$1119 [5] 2'00 }, B={ $memory$auto$proc_rom.cc:150:do_switch$707$rdmux[0][1][0]$b$1120 [10:9] 2'00 $memory$auto$proc_rom.cc:150:do_switch$707$rdmux[0][1][0]$b$1120 [4] $memory$auto$proc_rom.cc:150:do_switch$707$rdmux[0][1][0]$b$1120 [2] }, Y={ $memory$auto$proc_rom.cc:150:do_switch$707$rdmux[0][0][0]$a$1116 [10:9] $memory$auto$proc_rom.cc:150:do_switch$707$rdmux[0][0][0]$a$1116 [7] $memory$auto$proc_rom.cc:150:do_switch$707$rdmux[0][0][0]$a$1116 [5:4] $memory$auto$proc_rom.cc:150:do_switch$707$rdmux[0][0][0]$a$1116 [2] }
      New connections: { $memory$auto$proc_rom.cc:150:do_switch$707$rdmux[0][0][0]$a$1116 [13:11] $memory$auto$proc_rom.cc:150:do_switch$707$rdmux[0][0][0]$a$1116 [8] $memory$auto$proc_rom.cc:150:do_switch$707$rdmux[0][0][0]$a$1116 [6] $memory$auto$proc_rom.cc:150:do_switch$707$rdmux[0][0][0]$a$1116 [3] $memory$auto$proc_rom.cc:150:do_switch$707$rdmux[0][0][0]$a$1116 [1:0] } = { 2'00 $memory$auto$proc_rom.cc:150:do_switch$707$rdmux[0][0][0]$a$1116 [2] $memory$auto$proc_rom.cc:150:do_switch$707$rdmux[0][0][0]$a$1116 [7] $memory$auto$proc_rom.cc:150:do_switch$707$rdmux[0][0][0]$a$1116 [5] $memory$auto$proc_rom.cc:150:do_switch$707$rdmux[0][0][0]$a$1116 [2] 2'00 }
  Optimizing cells in module \HashGeneratorController.
    Consolidated identical input bits for $mux cell $memory$auto$proc_rom.cc:150:do_switch$707$rdmux[0][0][0]$1115:
      Old ports: A=$memory$auto$proc_rom.cc:150:do_switch$707$rdmux[0][0][0]$a$1116, B=$memory$auto$proc_rom.cc:150:do_switch$707$rdmux[0][0][0]$b$1117, Y={ \addSl \sl \enCnt2 \enF \initCnt2 \hashEn \initReg \initCnt6 \enM \startRnd \fSel \romRead \done \enCnt6 }
      New ports: A={ $memory$auto$proc_rom.cc:150:do_switch$707$rdmux[0][0][0]$a$1116 [10:9] $memory$auto$proc_rom.cc:150:do_switch$707$rdmux[0][0][0]$a$1116 [7] $memory$auto$proc_rom.cc:150:do_switch$707$rdmux[0][0][0]$a$1116 [7] $memory$auto$proc_rom.cc:150:do_switch$707$rdmux[0][0][0]$a$1116 [5:4] $memory$auto$proc_rom.cc:150:do_switch$707$rdmux[0][0][0]$a$1116 [2] 2'00 }, B={ 2'00 $memory$auto$proc_rom.cc:150:do_switch$707$rdmux[0][0][0]$b$1117 [0] 4'0000 $memory$auto$proc_rom.cc:150:do_switch$707$rdmux[0][0][0]$b$1117 [1:0] }, Y={ \enF \initCnt2 \hashEn \initReg \enM \startRnd \romRead \done \enCnt6 }
      New connections: { \addSl \sl \enCnt2 \initCnt6 \fSel } = { \enCnt6 \enCnt6 \romRead \enM \romRead }
  Optimizing cells in module \HashGeneratorController.
  Optimizing cells in module \RandomGenerator.
  Optimizing cells in module \RandomGeneratorController.
    Consolidated identical input bits for $mux cell $ternary$RandomGeneratorController.v:61$272:
      Old ports: A=3'011, B=3'100, Y=$ternary$RandomGeneratorController.v:61$272_Y
      New ports: A=2'01, B=2'10, Y={ $ternary$RandomGeneratorController.v:61$272_Y [2] $ternary$RandomGeneratorController.v:61$272_Y [0] }
      New connections: $ternary$RandomGeneratorController.v:61$272_Y [1] = $ternary$RandomGeneratorController.v:61$272_Y [0]
  Optimizing cells in module \RandomGeneratorController.
  Optimizing cells in module \RandomGeneratorDatapath.
Performed a total of 66 changes.

10.20.5. Executing OPT_MERGE pass (detect identical cells).
Finding identical cells in module `$paramod$07a05a8e97bfd10b63d62e10998c9e84f939df0a\Multiplexer'.
Finding identical cells in module `$paramod$265594dfef13cc9ce39f8657188d42484a49f5ec\MemoryBlock'.
<suppressed ~90 debug messages>
Finding identical cells in module `$paramod$6bbfd4b9c6bbd8b8029f9f6b747e0ddd70349be3\Multiplexer'.
Finding identical cells in module `$paramod\Adder\SIZE=s32'00000000000000000000000000100000'.
Finding identical cells in module `$paramod\Counter\SIZE=s32'00000000000000000000000000000010'.
Finding identical cells in module `$paramod\Counter\SIZE=s32'00000000000000000000000000000011'.
Finding identical cells in module `$paramod\Counter\SIZE=s32'00000000000000000000000000000110'.
Finding identical cells in module `$paramod\HashGeneratorDatapath\SIZE=s32'00000000000000000000000010000000'.
Finding identical cells in module `$paramod\Multiplier\WIDTH=s32'00000000000000000000000000100000'.
Finding identical cells in module `$paramod\Register\SIZE=s32'00000000000000000000000000100000'.
Finding identical cells in module `\HashGenerator'.
Finding identical cells in module `\HashGeneratorController'.
<suppressed ~3 debug messages>
Finding identical cells in module `\RandomGenerator'.
Finding identical cells in module `\RandomGeneratorController'.
Finding identical cells in module `\RandomGeneratorDatapath'.
Removed a total of 31 cells.

10.20.6. Executing OPT_SHARE pass.

10.20.7. Executing OPT_DFF pass (perform DFF optimizations).

10.20.8. Executing OPT_CLEAN pass (remove unused cells and wires).
Finding unused cells or wires in module $paramod$07a05a8e97bfd10b63d62e10998c9e84f939df0a\Multiplexer..
Finding unused cells or wires in module $paramod$265594dfef13cc9ce39f8657188d42484a49f5ec\MemoryBlock..
Finding unused cells or wires in module $paramod$6bbfd4b9c6bbd8b8029f9f6b747e0ddd70349be3\Multiplexer..
Finding unused cells or wires in module $paramod\Adder\SIZE=s32'00000000000000000000000000100000..
Finding unused cells or wires in module $paramod\Counter\SIZE=s32'00000000000000000000000000000010..
Finding unused cells or wires in module $paramod\Counter\SIZE=s32'00000000000000000000000000000011..
Finding unused cells or wires in module $paramod\Counter\SIZE=s32'00000000000000000000000000000110..
Finding unused cells or wires in module $paramod\HashGeneratorDatapath\SIZE=s32'00000000000000000000000010000000..
Finding unused cells or wires in module $paramod\Multiplier\WIDTH=s32'00000000000000000000000000100000..
Finding unused cells or wires in module $paramod\Register\SIZE=s32'00000000000000000000000000100000..
Finding unused cells or wires in module \HashGenerator..
Finding unused cells or wires in module \HashGeneratorController..
Finding unused cells or wires in module \RandomGenerator..
Finding unused cells or wires in module \RandomGeneratorController..
Finding unused cells or wires in module \RandomGeneratorDatapath..
Removed 0 unused cells and 116 unused wires.
<suppressed ~2 debug messages>

10.20.9. Executing OPT_EXPR pass (perform const folding).
Optimizing module $paramod$07a05a8e97bfd10b63d62e10998c9e84f939df0a\Multiplexer.
Optimizing module $paramod$265594dfef13cc9ce39f8657188d42484a49f5ec\MemoryBlock.
Optimizing module $paramod$6bbfd4b9c6bbd8b8029f9f6b747e0ddd70349be3\Multiplexer.
Optimizing module $paramod\Adder\SIZE=s32'00000000000000000000000000100000.
Optimizing module $paramod\Counter\SIZE=s32'00000000000000000000000000000010.
Optimizing module $paramod\Counter\SIZE=s32'00000000000000000000000000000011.
Optimizing module $paramod\Counter\SIZE=s32'00000000000000000000000000000110.
Optimizing module $paramod\HashGeneratorDatapath\SIZE=s32'00000000000000000000000010000000.
Optimizing module $paramod\Multiplier\WIDTH=s32'00000000000000000000000000100000.
Optimizing module $paramod\Register\SIZE=s32'00000000000000000000000000100000.
Optimizing module HashGenerator.
Optimizing module HashGeneratorController.
<suppressed ~1 debug messages>
Optimizing module RandomGenerator.
Optimizing module RandomGeneratorController.
Optimizing module RandomGeneratorDatapath.

10.20.10. Rerunning OPT passes. (Maybe there is more to do..)

10.20.11. Executing OPT_MUXTREE pass (detect dead branches in mux trees).
Running muxtree optimizer on module $paramod$07a05a8e97bfd10b63d62e10998c9e84f939df0a\Multiplexer..
  Creating internal representation of mux trees.
  No muxes found in this module.
Running muxtree optimizer on module $paramod$265594dfef13cc9ce39f8657188d42484a49f5ec\MemoryBlock..
  Creating internal representation of mux trees.
  Evaluating internal representation of mux trees.
  Analyzing evaluation results.
Running muxtree optimizer on module $paramod$6bbfd4b9c6bbd8b8029f9f6b747e0ddd70349be3\Multiplexer..
  Creating internal representation of mux trees.
  No muxes found in this module.
Running muxtree optimizer on module $paramod\Adder\SIZE=s32'00000000000000000000000000100000..
  Creating internal representation of mux trees.
  No muxes found in this module.
Running muxtree optimizer on module $paramod\Counter\SIZE=s32'00000000000000000000000000000010..
  Creating internal representation of mux trees.
  Evaluating internal representation of mux trees.
  Analyzing evaluation results.
Running muxtree optimizer on module $paramod\Counter\SIZE=s32'00000000000000000000000000000011..
  Creating internal representation of mux trees.
  Evaluating internal representation of mux trees.
  Analyzing evaluation results.
Running muxtree optimizer on module $paramod\Counter\SIZE=s32'00000000000000000000000000000110..
  Creating internal representation of mux trees.
  Evaluating internal representation of mux trees.
  Analyzing evaluation results.
Running muxtree optimizer on module $paramod\HashGeneratorDatapath\SIZE=s32'00000000000000000000000010000000..
  Creating internal representation of mux trees.
  No muxes found in this module.
Running muxtree optimizer on module $paramod\Multiplier\WIDTH=s32'00000000000000000000000000100000..
  Creating internal representation of mux trees.
  No muxes found in this module.
Running muxtree optimizer on module $paramod\Register\SIZE=s32'00000000000000000000000000100000..
  Creating internal representation of mux trees.
  No muxes found in this module.
Running muxtree optimizer on module \HashGenerator..
  Creating internal representation of mux trees.
  No muxes found in this module.
Running muxtree optimizer on module \HashGeneratorController..
  Creating internal representation of mux trees.
  Evaluating internal representation of mux trees.
  Analyzing evaluation results.
Running muxtree optimizer on module \RandomGenerator..
  Creating internal representation of mux trees.
  No muxes found in this module.
Running muxtree optimizer on module \RandomGeneratorController..
  Creating internal representation of mux trees.
  Evaluating internal representation of mux trees.
  Analyzing evaluation results.
Running muxtree optimizer on module \RandomGeneratorDatapath..
  Creating internal representation of mux trees.
  Evaluating internal representation of mux trees.
  Analyzing evaluation results.
Removed 0 multiplexer ports.
<suppressed ~11 debug messages>

10.20.12. Executing OPT_REDUCE pass (consolidate $*mux and $reduce_* inputs).
  Optimizing cells in module $paramod$07a05a8e97bfd10b63d62e10998c9e84f939df0a\Multiplexer.
  Optimizing cells in module $paramod$265594dfef13cc9ce39f8657188d42484a49f5ec\MemoryBlock.
    Consolidated identical input bits for $mux cell $memory\rom$rdmux[0][4][10]$1001:
      Old ports: A={ $memory\rom$rdmux[0][4][0]$b$973 [13] $memory\rom$rdmux[0][4][0]$b$973 [13] 1'1 $memory\rom$rdmux[0][4][0]$b$973 [15] 1'1 $memory\rom$rdmux[0][4][0]$b$973 [15] $memory\rom$rdmux[0][4][0]$b$973 [13] 2'10 }, B={ 1'0 $memory\rom$rdmux[0][4][0]$b$973 [15] $memory\rom$rdmux[0][4][0]$b$973 [15] $memory\rom$rdmux[0][4][0]$b$973 [15] $memory\rom$rdmux[0][4][0]$b$973 [13] 4'0101 }, Y={ $memory\rom$rdmux[0][3][5]$a$963 [14] $memory\rom$rdmux[0][3][5]$a$963 [11:10] $memory\rom$rdmux[0][3][5]$a$963 [8] $memory\rom$rdmux[0][3][5]$a$963 [13] $memory\rom$rdmux[0][3][5]$a$963 [5] $memory\rom$rdmux[0][3][5]$a$963 [12] $memory\rom$rdmux[0][3][5]$a$963 [9] $memory\rom$rdmux[0][3][5]$a$963 [0] }
      New ports: A={ $memory\rom$rdmux[0][4][0]$b$973 [13] $memory\rom$rdmux[0][4][0]$b$973 [13] 2'11 $memory\rom$rdmux[0][4][0]$b$973 [15] $memory\rom$rdmux[0][4][0]$b$973 [13] 2'10 }, B={ 1'0 $memory\rom$rdmux[0][4][0]$b$973 [15] $memory\rom$rdmux[0][4][0]$b$973 [15] $memory\rom$rdmux[0][4][0]$b$973 [13] 4'0101 }, Y={ $memory\rom$rdmux[0][3][5]$a$963 [14] $memory\rom$rdmux[0][3][5]$a$963 [11:10] $memory\rom$rdmux[0][3][5]$a$963 [13] $memory\rom$rdmux[0][3][5]$a$963 [5] $memory\rom$rdmux[0][3][5]$a$963 [12] $memory\rom$rdmux[0][3][5]$a$963 [9] $memory\rom$rdmux[0][3][5]$a$963 [0] }
      New connections: $memory\rom$rdmux[0][3][5]$a$963 [8] = $memory\rom$rdmux[0][4][0]$b$973 [15]
    Consolidated identical input bits for $mux cell $memory\rom$rdmux[0][4][11]$1004:
      Old ports: A={ 1'1 $memory\rom$rdmux[0][4][0]$a$972 [5] 3'000 $memory\rom$rdmux[0][4][0]$a$972 [12] $memory\rom$rdmux[0][4][0]$a$972 [12] $memory\rom$rdmux[0][4][0]$a$972 [12] $memory\rom$rdmux[0][4][0]$a$972 [5] $memory\rom$rdmux[0][4][0]$a$972 [12] 1'1 }, B={ 2'01 $memory\rom$rdmux[0][4][0]$a$972 [5] 1'1 $memory\rom$rdmux[0][4][0]$a$972 [12] 1'0 $memory\rom$rdmux[0][4][0]$a$972 [5] 1'1 $memory\rom$rdmux[0][4][0]$a$972 [5] $memory\rom$rdmux[0][4][0]$a$972 [12] $memory\rom$rdmux[0][4][0]$a$972 [12] }, Y={ $memory\rom$rdmux[0][3][5]$b$964 [15:13] $memory\rom$rdmux[0][3][5]$b$964 [10:8] $memory\rom$rdmux[0][3][5]$b$964 [11] $memory\rom$rdmux[0][3][5]$b$964 [6] $memory\rom$rdmux[0][3][5]$b$964 [4] $memory\rom$rdmux[0][3][5]$b$964 [2] $memory\rom$rdmux[0][3][5]$b$964 [0] }
      New ports: A={ 1'1 $memory\rom$rdmux[0][4][0]$a$972 [5] 3'000 $memory\rom$rdmux[0][4][0]$a$972 [12] $memory\rom$rdmux[0][4][0]$a$972 [12] $memory\rom$rdmux[0][4][0]$a$972 [12] 1'1 }, B={ 2'01 $memory\rom$rdmux[0][4][0]$a$972 [5] 1'1 $memory\rom$rdmux[0][4][0]$a$972 [12] 1'0 $memory\rom$rdmux[0][4][0]$a$972 [5] 1'1 $memory\rom$rdmux[0][4][0]$a$972 [12] }, Y={ $memory\rom$rdmux[0][3][5]$b$964 [15:13] $memory\rom$rdmux[0][3][5]$b$964 [10:8] $memory\rom$rdmux[0][3][5]$b$964 [11] $memory\rom$rdmux[0][3][5]$b$964 [6] $memory\rom$rdmux[0][3][5]$b$964 [0] }
      New connections: { $memory\rom$rdmux[0][3][5]$b$964 [4] $memory\rom$rdmux[0][3][5]$b$964 [2] } = { $memory\rom$rdmux[0][4][0]$a$972 [5] $memory\rom$rdmux[0][4][0]$a$972 [12] }
    Consolidated identical input bits for $mux cell $memory\rom$rdmux[0][4][1]$974:
      Old ports: A={ $memory\rom$rdmux[0][4][0]$b$973 [15] $memory\rom$rdmux[0][4][0]$b$973 [15] 1'0 $memory\rom$rdmux[0][4][0]$b$973 [13] 2'01 $memory\rom$rdmux[0][4][0]$b$973 [13] 1'1 $memory\rom$rdmux[0][4][0]$b$973 [13] }, B={ $memory\rom$rdmux[0][4][0]$b$973 [15] $memory\rom$rdmux[0][4][0]$b$973 [13] $memory\rom$rdmux[0][4][0]$b$973 [15] $memory\rom$rdmux[0][4][0]$b$973 [15] $memory\rom$rdmux[0][4][0]$b$973 [13] 2'00 $memory\rom$rdmux[0][4][0]$b$973 [13] 1'1 }, Y={ $memory\rom$rdmux[0][3][0]$b$949 [15:14] $memory\rom$rdmux[0][3][0]$b$949 [12] $memory\rom$rdmux[0][3][0]$b$949 [8] $memory\rom$rdmux[0][3][0]$b$949 [4] $memory\rom$rdmux[0][3][0]$b$949 [5] $memory\rom$rdmux[0][3][0]$b$949 [11] $memory\rom$rdmux[0][3][0]$b$949 [9] $memory\rom$rdmux[0][3][0]$b$949 [0] }
      New ports: A={ $memory\rom$rdmux[0][4][0]$b$973 [15] 1'0 $memory\rom$rdmux[0][4][0]$b$973 [13] 2'01 $memory\rom$rdmux[0][4][0]$b$973 [13] 1'1 $memory\rom$rdmux[0][4][0]$b$973 [13] }, B={ $memory\rom$rdmux[0][4][0]$b$973 [13] $memory\rom$rdmux[0][4][0]$b$973 [15] $memory\rom$rdmux[0][4][0]$b$973 [15] $memory\rom$rdmux[0][4][0]$b$973 [13] 2'00 $memory\rom$rdmux[0][4][0]$b$973 [13] 1'1 }, Y={ $memory\rom$rdmux[0][3][0]$b$949 [14] $memory\rom$rdmux[0][3][0]$b$949 [12] $memory\rom$rdmux[0][3][0]$b$949 [8] $memory\rom$rdmux[0][3][0]$b$949 [4] $memory\rom$rdmux[0][3][0]$b$949 [5] $memory\rom$rdmux[0][3][0]$b$949 [11] $memory\rom$rdmux[0][3][0]$b$949 [9] $memory\rom$rdmux[0][3][0]$b$949 [0] }
      New connections: $memory\rom$rdmux[0][3][0]$b$949 [15] = $memory\rom$rdmux[0][4][0]$b$973 [15]
    Consolidated identical input bits for $mux cell $memory\rom$rdmux[0][4][3]$980:
      Old ports: A={ 2'10 $memory\rom$rdmux[0][4][0]$a$972 [12] $memory\rom$rdmux[0][4][0]$a$972 [5] $memory\rom$rdmux[0][4][0]$a$972 [12] 2'01 $memory\rom$rdmux[0][4][0]$a$972 [12] }, B={ 1'0 $memory\rom$rdmux[0][4][0]$a$972 [12] $memory\rom$rdmux[0][4][0]$a$972 [5] $memory\rom$rdmux[0][4][0]$a$972 [12] 1'0 $memory\rom$rdmux[0][4][0]$a$972 [5] $memory\rom$rdmux[0][4][0]$a$972 [5] $memory\rom$rdmux[0][4][0]$a$972 [12] }, Y={ $memory\rom$rdmux[0][3][1]$b$952 [12:11] $memory\rom$rdmux[0][3][1]$b$952 [14] $memory\rom$rdmux[0][3][1]$b$952 [5] $memory\rom$rdmux[0][3][1]$b$952 [13] $memory\rom$rdmux[0][3][1]$b$952 [9:8] $memory\rom$rdmux[0][3][1]$b$952 [0] }
      New ports: A={ 2'10 $memory\rom$rdmux[0][4][0]$a$972 [12] $memory\rom$rdmux[0][4][0]$a$972 [5] $memory\rom$rdmux[0][4][0]$a$972 [12] 2'01 }, B={ 1'0 $memory\rom$rdmux[0][4][0]$a$972 [12] $memory\rom$rdmux[0][4][0]$a$972 [5] $memory\rom$rdmux[0][4][0]$a$972 [12] 1'0 $memory\rom$rdmux[0][4][0]$a$972 [5] $memory\rom$rdmux[0][4][0]$a$972 [5] }, Y={ $memory\rom$rdmux[0][3][1]$b$952 [12:11] $memory\rom$rdmux[0][3][1]$b$952 [14] $memory\rom$rdmux[0][3][1]$b$952 [5] $memory\rom$rdmux[0][3][1]$b$952 [13] $memory\rom$rdmux[0][3][1]$b$952 [9:8] }
      New connections: $memory\rom$rdmux[0][3][1]$b$952 [0] = $memory\rom$rdmux[0][4][0]$a$972 [12]
    Consolidated identical input bits for $mux cell $memory\rom$rdmux[0][4][4]$983:
      Old ports: A={ $memory\rom$rdmux[0][4][0]$b$973 [15] 2'01 $memory\rom$rdmux[0][4][0]$b$973 [15] $memory\rom$rdmux[0][4][0]$b$973 [15] 3'110 $memory\rom$rdmux[0][4][0]$b$973 [13] 1'0 }, B={ $memory\rom$rdmux[0][4][0]$b$973 [15] 2'10 $memory\rom$rdmux[0][4][0]$b$973 [13] 1'1 $memory\rom$rdmux[0][4][0]$b$973 [15] $memory\rom$rdmux[0][4][0]$b$973 [13] $memory\rom$rdmux[0][4][0]$b$973 [15] $memory\rom$rdmux[0][4][0]$b$973 [15] $memory\rom$rdmux[0][4][0]$b$973 [13] }, Y={ $memory\rom$rdmux[0][3][2]$a$954 [15:12] $memory\rom$rdmux[0][3][2]$a$954 [9:8] $memory\rom$rdmux[0][3][2]$a$954 [6] $memory\rom$rdmux[0][3][2]$a$954 [7] $memory\rom$rdmux[0][3][2]$a$954 [10] $memory\rom$rdmux[0][3][2]$a$954 [11] }
      New ports: A={ 2'01 $memory\rom$rdmux[0][4][0]$b$973 [15] $memory\rom$rdmux[0][4][0]$b$973 [15] 3'110 $memory\rom$rdmux[0][4][0]$b$973 [13] 1'0 }, B={ 2'10 $memory\rom$rdmux[0][4][0]$b$973 [13] 1'1 $memory\rom$rdmux[0][4][0]$b$973 [15] $memory\rom$rdmux[0][4][0]$b$973 [13] $memory\rom$rdmux[0][4][0]$b$973 [15] $memory\rom$rdmux[0][4][0]$b$973 [15] $memory\rom$rdmux[0][4][0]$b$973 [13] }, Y={ $memory\rom$rdmux[0][3][2]$a$954 [14:12] $memory\rom$rdmux[0][3][2]$a$954 [9:8] $memory\rom$rdmux[0][3][2]$a$954 [6] $memory\rom$rdmux[0][3][2]$a$954 [7] $memory\rom$rdmux[0][3][2]$a$954 [10] $memory\rom$rdmux[0][3][2]$a$954 [11] }
      New connections: $memory\rom$rdmux[0][3][2]$a$954 [15] = $memory\rom$rdmux[0][4][0]$b$973 [15]
    Consolidated identical input bits for $mux cell $memory\rom$rdmux[0][4][7]$992:
      Old ports: A={ $memory\rom$rdmux[0][4][0]$b$973 [13] 1'1 $memory\rom$rdmux[0][4][0]$b$973 [15] $memory\rom$rdmux[0][4][0]$b$973 [15] $memory\rom$rdmux[0][4][0]$b$973 [15] $memory\rom$rdmux[0][4][0]$b$973 [13] 1'0 $memory\rom$rdmux[0][4][0]$b$973 [13] }, B={ $memory\rom$rdmux[0][4][0]$b$973 [15] 2'00 $memory\rom$rdmux[0][4][0]$b$973 [13] 2'10 $memory\rom$rdmux[0][4][0]$b$973 [15] $memory\rom$rdmux[0][4][0]$b$973 [13] }, Y={ $memory\rom$rdmux[0][3][3]$b$958 [14] $memory\rom$rdmux[0][3][3]$b$958 [15] $memory\rom$rdmux[0][3][3]$b$958 [5] $memory\rom$rdmux[0][3][3]$b$958 [9] $memory\rom$rdmux[0][3][3]$b$958 [7] $memory\rom$rdmux[0][3][3]$b$958 [2] $memory\rom$rdmux[0][3][3]$b$958 [10] $memory\rom$rdmux[0][3][3]$b$958 [0] }
      New ports: A={ $memory\rom$rdmux[0][4][0]$b$973 [13] 1'1 $memory\rom$rdmux[0][4][0]$b$973 [15] $memory\rom$rdmux[0][4][0]$b$973 [15] $memory\rom$rdmux[0][4][0]$b$973 [15] $memory\rom$rdmux[0][4][0]$b$973 [13] 1'0 }, B={ $memory\rom$rdmux[0][4][0]$b$973 [15] 2'00 $memory\rom$rdmux[0][4][0]$b$973 [13] 2'10 $memory\rom$rdmux[0][4][0]$b$973 [15] }, Y={ $memory\rom$rdmux[0][3][3]$b$958 [14] $memory\rom$rdmux[0][3][3]$b$958 [15] $memory\rom$rdmux[0][3][3]$b$958 [5] $memory\rom$rdmux[0][3][3]$b$958 [9] $memory\rom$rdmux[0][3][3]$b$958 [7] $memory\rom$rdmux[0][3][3]$b$958 [2] $memory\rom$rdmux[0][3][3]$b$958 [10] }
      New connections: $memory\rom$rdmux[0][3][3]$b$958 [0] = $memory\rom$rdmux[0][4][0]$b$973 [13]
    Consolidated identical input bits for $mux cell $memory\rom$rdmux[0][4][9]$998:
      Old ports: A={ 1'1 $memory\rom$rdmux[0][4][0]$a$972 [5] $memory\rom$rdmux[0][4][0]$a$972 [12] 1'1 $memory\rom$rdmux[0][4][0]$a$972 [12] $memory\rom$rdmux[0][4][0]$a$972 [5] $memory\rom$rdmux[0][4][0]$a$972 [12] 1'0 $memory\rom$rdmux[0][4][0]$a$972 [5] $memory\rom$rdmux[0][4][0]$a$972 [12] }, B={ $memory\rom$rdmux[0][4][0]$a$972 [12] $memory\rom$rdmux[0][4][0]$a$972 [12] $memory\rom$rdmux[0][4][0]$a$972 [12] $memory\rom$rdmux[0][4][0]$a$972 [5] $memory\rom$rdmux[0][4][0]$a$972 [5] 2'11 $memory\rom$rdmux[0][4][0]$a$972 [12] 2'00 }, Y={ $memory\rom$rdmux[0][3][4]$b$961 [15] $memory\rom$rdmux[0][3][4]$b$961 [13] $memory\rom$rdmux[0][3][4]$b$961 [10] $memory\rom$rdmux[0][3][4]$b$961 [14] $memory\rom$rdmux[0][3][4]$b$961 [8] $memory\rom$rdmux[0][3][4]$b$961 [6:5] $memory\rom$rdmux[0][3][4]$b$961 [12] $memory\rom$rdmux[0][3][4]$b$961 [2] $memory\rom$rdmux[0][3][4]$b$961 [7] }
      New ports: A={ 1'1 $memory\rom$rdmux[0][4][0]$a$972 [5] 1'1 $memory\rom$rdmux[0][4][0]$a$972 [12] $memory\rom$rdmux[0][4][0]$a$972 [5] $memory\rom$rdmux[0][4][0]$a$972 [12] 1'0 $memory\rom$rdmux[0][4][0]$a$972 [5] $memory\rom$rdmux[0][4][0]$a$972 [12] }, B={ $memory\rom$rdmux[0][4][0]$a$972 [12] $memory\rom$rdmux[0][4][0]$a$972 [12] $memory\rom$rdmux[0][4][0]$a$972 [5] $memory\rom$rdmux[0][4][0]$a$972 [5] 2'11 $memory\rom$rdmux[0][4][0]$a$972 [12] 2'00 }, Y={ $memory\rom$rdmux[0][3][4]$b$961 [15] $memory\rom$rdmux[0][3][4]$b$961 [13] $memory\rom$rdmux[0][3][4]$b$961 [14] $memory\rom$rdmux[0][3][4]$b$961 [8] $memory\rom$rdmux[0][3][4]$b$961 [6:5] $memory\rom$rdmux[0][3][4]$b$961 [12] $memory\rom$rdmux[0][3][4]$b$961 [2] $memory\rom$rdmux[0][3][4]$b$961 [7] }
      New connections: $memory\rom$rdmux[0][3][4]$b$961 [10] = $memory\rom$rdmux[0][4][0]$a$972 [12]
  Optimizing cells in module $paramod$265594dfef13cc9ce39f8657188d42484a49f5ec\MemoryBlock.
  Optimizing cells in module $paramod$6bbfd4b9c6bbd8b8029f9f6b747e0ddd70349be3\Multiplexer.
  Optimizing cells in module $paramod\Adder\SIZE=s32'00000000000000000000000000100000.
  Optimizing cells in module $paramod\Counter\SIZE=s32'00000000000000000000000000000010.
  Optimizing cells in module $paramod\Counter\SIZE=s32'00000000000000000000000000000011.
  Optimizing cells in module $paramod\Counter\SIZE=s32'00000000000000000000000000000110.
  Optimizing cells in module $paramod\HashGeneratorDatapath\SIZE=s32'00000000000000000000000010000000.
  Optimizing cells in module $paramod\Multiplier\WIDTH=s32'00000000000000000000000000100000.
  Optimizing cells in module $paramod\Register\SIZE=s32'00000000000000000000000000100000.
  Optimizing cells in module \HashGenerator.
  Optimizing cells in module \HashGeneratorController.
  Optimizing cells in module \RandomGenerator.
  Optimizing cells in module \RandomGeneratorController.
  Optimizing cells in module \RandomGeneratorDatapath.
Performed a total of 7 changes.

10.20.13. Executing OPT_MERGE pass (detect identical cells).
Finding identical cells in module `$paramod$07a05a8e97bfd10b63d62e10998c9e84f939df0a\Multiplexer'.
Finding identical cells in module `$paramod$265594dfef13cc9ce39f8657188d42484a49f5ec\MemoryBlock'.
Finding identical cells in module `$paramod$6bbfd4b9c6bbd8b8029f9f6b747e0ddd70349be3\Multiplexer'.
Finding identical cells in module `$paramod\Adder\SIZE=s32'00000000000000000000000000100000'.
Finding identical cells in module `$paramod\Counter\SIZE=s32'00000000000000000000000000000010'.
Finding identical cells in module `$paramod\Counter\SIZE=s32'00000000000000000000000000000011'.
Finding identical cells in module `$paramod\Counter\SIZE=s32'00000000000000000000000000000110'.
Finding identical cells in module `$paramod\HashGeneratorDatapath\SIZE=s32'00000000000000000000000010000000'.
Finding identical cells in module `$paramod\Multiplier\WIDTH=s32'00000000000000000000000000100000'.
Finding identical cells in module `$paramod\Register\SIZE=s32'00000000000000000000000000100000'.
Finding identical cells in module `\HashGenerator'.
Finding identical cells in module `\HashGeneratorController'.
Finding identical cells in module `\RandomGenerator'.
Finding identical cells in module `\RandomGeneratorController'.
Finding identical cells in module `\RandomGeneratorDatapath'.
Removed a total of 0 cells.

10.20.14. Executing OPT_SHARE pass.

10.20.15. Executing OPT_DFF pass (perform DFF optimizations).

10.20.16. Executing OPT_CLEAN pass (remove unused cells and wires).
Finding unused cells or wires in module $paramod$07a05a8e97bfd10b63d62e10998c9e84f939df0a\Multiplexer..
Finding unused cells or wires in module $paramod$265594dfef13cc9ce39f8657188d42484a49f5ec\MemoryBlock..
Finding unused cells or wires in module $paramod$6bbfd4b9c6bbd8b8029f9f6b747e0ddd70349be3\Multiplexer..
Finding unused cells or wires in module $paramod\Adder\SIZE=s32'00000000000000000000000000100000..
Finding unused cells or wires in module $paramod\Counter\SIZE=s32'00000000000000000000000000000010..
Finding unused cells or wires in module $paramod\Counter\SIZE=s32'00000000000000000000000000000011..
Finding unused cells or wires in module $paramod\Counter\SIZE=s32'00000000000000000000000000000110..
Finding unused cells or wires in module $paramod\HashGeneratorDatapath\SIZE=s32'00000000000000000000000010000000..
Finding unused cells or wires in module $paramod\Multiplier\WIDTH=s32'00000000000000000000000000100000..
Finding unused cells or wires in module $paramod\Register\SIZE=s32'00000000000000000000000000100000..
Finding unused cells or wires in module \HashGenerator..
Finding unused cells or wires in module \HashGeneratorController..
Finding unused cells or wires in module \RandomGenerator..
Finding unused cells or wires in module \RandomGeneratorController..
Finding unused cells or wires in module \RandomGeneratorDatapath..
Removed 0 unused cells and 2 unused wires.
<suppressed ~1 debug messages>

10.20.17. Executing OPT_EXPR pass (perform const folding).
Optimizing module $paramod$07a05a8e97bfd10b63d62e10998c9e84f939df0a\Multiplexer.
Optimizing module $paramod$265594dfef13cc9ce39f8657188d42484a49f5ec\MemoryBlock.
Optimizing module $paramod$6bbfd4b9c6bbd8b8029f9f6b747e0ddd70349be3\Multiplexer.
Optimizing module $paramod\Adder\SIZE=s32'00000000000000000000000000100000.
Optimizing module $paramod\Counter\SIZE=s32'00000000000000000000000000000010.
Optimizing module $paramod\Counter\SIZE=s32'00000000000000000000000000000011.
Optimizing module $paramod\Counter\SIZE=s32'00000000000000000000000000000110.
Optimizing module $paramod\HashGeneratorDatapath\SIZE=s32'00000000000000000000000010000000.
Optimizing module $paramod\Multiplier\WIDTH=s32'00000000000000000000000000100000.
Optimizing module $paramod\Register\SIZE=s32'00000000000000000000000000100000.
Optimizing module HashGenerator.
Optimizing module HashGeneratorController.
Optimizing module RandomGenerator.
Optimizing module RandomGeneratorController.
Optimizing module RandomGeneratorDatapath.

10.20.18. Rerunning OPT passes. (Maybe there is more to do..)

10.20.19. Executing OPT_MUXTREE pass (detect dead branches in mux trees).
Running muxtree optimizer on module $paramod$07a05a8e97bfd10b63d62e10998c9e84f939df0a\Multiplexer..
  Creating internal representation of mux trees.
  No muxes found in this module.
Running muxtree optimizer on module $paramod$265594dfef13cc9ce39f8657188d42484a49f5ec\MemoryBlock..
  Creating internal representation of mux trees.
  Evaluating internal representation of mux trees.
  Analyzing evaluation results.
Running muxtree optimizer on module $paramod$6bbfd4b9c6bbd8b8029f9f6b747e0ddd70349be3\Multiplexer..
  Creating internal representation of mux trees.
  No muxes found in this module.
Running muxtree optimizer on module $paramod\Adder\SIZE=s32'00000000000000000000000000100000..
  Creating internal representation of mux trees.
  No muxes found in this module.
Running muxtree optimizer on module $paramod\Counter\SIZE=s32'00000000000000000000000000000010..
  Creating internal representation of mux trees.
  Evaluating internal representation of mux trees.
  Analyzing evaluation results.
Running muxtree optimizer on module $paramod\Counter\SIZE=s32'00000000000000000000000000000011..
  Creating internal representation of mux trees.
  Evaluating internal representation of mux trees.
  Analyzing evaluation results.
Running muxtree optimizer on module $paramod\Counter\SIZE=s32'00000000000000000000000000000110..
  Creating internal representation of mux trees.
  Evaluating internal representation of mux trees.
  Analyzing evaluation results.
Running muxtree optimizer on module $paramod\HashGeneratorDatapath\SIZE=s32'00000000000000000000000010000000..
  Creating internal representation of mux trees.
  No muxes found in this module.
Running muxtree optimizer on module $paramod\Multiplier\WIDTH=s32'00000000000000000000000000100000..
  Creating internal representation of mux trees.
  No muxes found in this module.
Running muxtree optimizer on module $paramod\Register\SIZE=s32'00000000000000000000000000100000..
  Creating internal representation of mux trees.
  No muxes found in this module.
Running muxtree optimizer on module \HashGenerator..
  Creating internal representation of mux trees.
  No muxes found in this module.
Running muxtree optimizer on module \HashGeneratorController..
  Creating internal representation of mux trees.
  Evaluating internal representation of mux trees.
  Analyzing evaluation results.
Running muxtree optimizer on module \RandomGenerator..
  Creating internal representation of mux trees.
  No muxes found in this module.
Running muxtree optimizer on module \RandomGeneratorController..
  Creating internal representation of mux trees.
  Evaluating internal representation of mux trees.
  Analyzing evaluation results.
Running muxtree optimizer on module \RandomGeneratorDatapath..
  Creating internal representation of mux trees.
  Evaluating internal representation of mux trees.
  Analyzing evaluation results.
Removed 0 multiplexer ports.
<suppressed ~11 debug messages>

10.20.20. Executing OPT_REDUCE pass (consolidate $*mux and $reduce_* inputs).
  Optimizing cells in module $paramod$07a05a8e97bfd10b63d62e10998c9e84f939df0a\Multiplexer.
  Optimizing cells in module $paramod$265594dfef13cc9ce39f8657188d42484a49f5ec\MemoryBlock.
  Optimizing cells in module $paramod$6bbfd4b9c6bbd8b8029f9f6b747e0ddd70349be3\Multiplexer.
  Optimizing cells in module $paramod\Adder\SIZE=s32'00000000000000000000000000100000.
  Optimizing cells in module $paramod\Counter\SIZE=s32'00000000000000000000000000000010.
  Optimizing cells in module $paramod\Counter\SIZE=s32'00000000000000000000000000000011.
  Optimizing cells in module $paramod\Counter\SIZE=s32'00000000000000000000000000000110.
  Optimizing cells in module $paramod\HashGeneratorDatapath\SIZE=s32'00000000000000000000000010000000.
  Optimizing cells in module $paramod\Multiplier\WIDTH=s32'00000000000000000000000000100000.
  Optimizing cells in module $paramod\Register\SIZE=s32'00000000000000000000000000100000.
  Optimizing cells in module \HashGenerator.
  Optimizing cells in module \HashGeneratorController.
  Optimizing cells in module \RandomGenerator.
  Optimizing cells in module \RandomGeneratorController.
  Optimizing cells in module \RandomGeneratorDatapath.
Performed a total of 0 changes.

10.20.21. Executing OPT_MERGE pass (detect identical cells).
Finding identical cells in module `$paramod$07a05a8e97bfd10b63d62e10998c9e84f939df0a\Multiplexer'.
Finding identical cells in module `$paramod$265594dfef13cc9ce39f8657188d42484a49f5ec\MemoryBlock'.
Finding identical cells in module `$paramod$6bbfd4b9c6bbd8b8029f9f6b747e0ddd70349be3\Multiplexer'.
Finding identical cells in module `$paramod\Adder\SIZE=s32'00000000000000000000000000100000'.
Finding identical cells in module `$paramod\Counter\SIZE=s32'00000000000000000000000000000010'.
Finding identical cells in module `$paramod\Counter\SIZE=s32'00000000000000000000000000000011'.
Finding identical cells in module `$paramod\Counter\SIZE=s32'00000000000000000000000000000110'.
Finding identical cells in module `$paramod\HashGeneratorDatapath\SIZE=s32'00000000000000000000000010000000'.
Finding identical cells in module `$paramod\Multiplier\WIDTH=s32'00000000000000000000000000100000'.
Finding identical cells in module `$paramod\Register\SIZE=s32'00000000000000000000000000100000'.
Finding identical cells in module `\HashGenerator'.
Finding identical cells in module `\HashGeneratorController'.
Finding identical cells in module `\RandomGenerator'.
Finding identical cells in module `\RandomGeneratorController'.
Finding identical cells in module `\RandomGeneratorDatapath'.
Removed a total of 0 cells.

10.20.22. Executing OPT_SHARE pass.

10.20.23. Executing OPT_DFF pass (perform DFF optimizations).

10.20.24. Executing OPT_CLEAN pass (remove unused cells and wires).
Finding unused cells or wires in module $paramod$07a05a8e97bfd10b63d62e10998c9e84f939df0a\Multiplexer..
Finding unused cells or wires in module $paramod$265594dfef13cc9ce39f8657188d42484a49f5ec\MemoryBlock..
Finding unused cells or wires in module $paramod$6bbfd4b9c6bbd8b8029f9f6b747e0ddd70349be3\Multiplexer..
Finding unused cells or wires in module $paramod\Adder\SIZE=s32'00000000000000000000000000100000..
Finding unused cells or wires in module $paramod\Counter\SIZE=s32'00000000000000000000000000000010..
Finding unused cells or wires in module $paramod\Counter\SIZE=s32'00000000000000000000000000000011..
Finding unused cells or wires in module $paramod\Counter\SIZE=s32'00000000000000000000000000000110..
Finding unused cells or wires in module $paramod\HashGeneratorDatapath\SIZE=s32'00000000000000000000000010000000..
Finding unused cells or wires in module $paramod\Multiplier\WIDTH=s32'00000000000000000000000000100000..
Finding unused cells or wires in module $paramod\Register\SIZE=s32'00000000000000000000000000100000..
Finding unused cells or wires in module \HashGenerator..
Finding unused cells or wires in module \HashGeneratorController..
Finding unused cells or wires in module \RandomGenerator..
Finding unused cells or wires in module \RandomGeneratorController..
Finding unused cells or wires in module \RandomGeneratorDatapath..

10.20.25. Executing OPT_EXPR pass (perform const folding).
Optimizing module $paramod$07a05a8e97bfd10b63d62e10998c9e84f939df0a\Multiplexer.
Optimizing module $paramod$265594dfef13cc9ce39f8657188d42484a49f5ec\MemoryBlock.
Optimizing module $paramod$6bbfd4b9c6bbd8b8029f9f6b747e0ddd70349be3\Multiplexer.
Optimizing module $paramod\Adder\SIZE=s32'00000000000000000000000000100000.
Optimizing module $paramod\Counter\SIZE=s32'00000000000000000000000000000010.
Optimizing module $paramod\Counter\SIZE=s32'00000000000000000000000000000011.
Optimizing module $paramod\Counter\SIZE=s32'00000000000000000000000000000110.
Optimizing module $paramod\HashGeneratorDatapath\SIZE=s32'00000000000000000000000010000000.
Optimizing module $paramod\Multiplier\WIDTH=s32'00000000000000000000000000100000.
Optimizing module $paramod\Register\SIZE=s32'00000000000000000000000000100000.
Optimizing module HashGenerator.
Optimizing module HashGeneratorController.
Optimizing module RandomGenerator.
Optimizing module RandomGeneratorController.
Optimizing module RandomGeneratorDatapath.

10.20.26. Finished OPT passes. (There is nothing left to do.)

10.21. Executing TECHMAP pass (map to technology primitives).

10.21.1. Executing Verilog-2005 frontend: /usr/bin/../share/yosys/techmap.v
Parsing Verilog input from `/usr/bin/../share/yosys/techmap.v' to AST representation.
Generating RTLIL representation for module `\_90_simplemap_bool_ops'.
Generating RTLIL representation for module `\_90_simplemap_reduce_ops'.
Generating RTLIL representation for module `\_90_simplemap_logic_ops'.
Generating RTLIL representation for module `\_90_simplemap_compare_ops'.
Generating RTLIL representation for module `\_90_simplemap_various'.
Generating RTLIL representation for module `\_90_simplemap_registers'.
Generating RTLIL representation for module `\_90_shift_ops_shr_shl_sshl_sshr'.
Generating RTLIL representation for module `\_90_shift_shiftx'.
Generating RTLIL representation for module `\_90_fa'.
Generating RTLIL representation for module `\_90_lcu'.
Generating RTLIL representation for module `\_90_alu'.
Generating RTLIL representation for module `\_90_macc'.
Generating RTLIL representation for module `\_90_alumacc'.
Generating RTLIL representation for module `\$__div_mod_u'.
Generating RTLIL representation for module `\$__div_mod_trunc'.
Generating RTLIL representation for module `\_90_div'.
Generating RTLIL representation for module `\_90_mod'.
Generating RTLIL representation for module `\$__div_mod_floor'.
Generating RTLIL representation for module `\_90_divfloor'.
Generating RTLIL representation for module `\_90_modfloor'.
Generating RTLIL representation for module `\_90_pow'.
Generating RTLIL representation for module `\_90_pmux'.
Generating RTLIL representation for module `\_90_demux'.
Generating RTLIL representation for module `\_90_lut'.
Successfully finished Verilog frontend.

10.21.2. Continuing TECHMAP pass.
Using extmapper simplemap for cells of type $adffe.
Using extmapper simplemap for cells of type $mux.
Using extmapper simplemap for cells of type $reduce_bool.
Using extmapper simplemap for cells of type $xor.
Using extmapper simplemap for cells of type $eq.
Using template $paramod$d31bf4d7d72e59528d18fbd4f322e9d608532043\_90_pmux for cells of type $pmux.
Using extmapper simplemap for cells of type $logic_not.
Using extmapper simplemap for cells of type $dlatch.
Using extmapper simplemap for cells of type $and.
Using extmapper simplemap for cells of type $not.
Using extmapper simplemap for cells of type $adff.
Using extmapper simplemap for cells of type $reduce_or.
Using template $paramod$4d45682f6d5f8751d24fc75184ef72226da353f7\_90_pmux for cells of type $pmux.
Using extmapper simplemap for cells of type $sdffe.
Using extmapper maccmap for cells of type $macc.
  add \dataIn [15:0] * \dataIn [31:16] (16x16 bits, unsigned)
Using template $paramod\_90_fa\WIDTH=32'00000000000000000000000000100000 for cells of type $fa.
Using template $paramod$fbc7873bff55778c0b3173955b7e4bce1d9d6834\_90_alu for cells of type $alu.
Using extmapper simplemap for cells of type $or.
Using template $paramod\_90_lcu\WIDTH=32'00000000000000000000000000100000 for cells of type $lcu.
Using extmapper simplemap for cells of type $pos.
Using extmapper simplemap for cells of type $reduce_and.
Using template $paramod$32efbfac1c4dc57230cf86180788fdfd12e3b511\_90_alu for cells of type $alu.
Using template $paramod\_90_lcu\WIDTH=32'00000000000000000000000000000110 for cells of type $lcu.
Using template $paramod$3ef7d3dd227da7627a99c5e5a6a4deb817573e39\_90_alu for cells of type $alu.
Using template $paramod\_90_lcu\WIDTH=32'00000000000000000000000000000011 for cells of type $lcu.
Using template $paramod$175e67c02b86e96b1288b9dc100122520d7240d8\_90_alu for cells of type $alu.
Using template $paramod\_90_lcu\WIDTH=32'00000000000000000000000000000010 for cells of type $lcu.
Using template $paramod$constmap:8d725965b4345b93a463cf613bda6b40f5fc4212$paramod$9a5e85de2634293e098361b0804876bff8c5a36f\_90_shift_shiftx for cells of type $shiftx.
Using template $paramod$constmap:9c2e4d6e6a6eb23a5c7cc938878e510b0561390d$paramod$022d507dd8b5a5c605faa99d46c52f247072ebca\_90_shift_shiftx for cells of type $shiftx.
No more expansions possible.
<suppressed ~1607 debug messages>

10.22. Executing OPT pass (performing simple optimizations).

10.22.1. Executing OPT_EXPR pass (perform const folding).
Optimizing module $paramod$07a05a8e97bfd10b63d62e10998c9e84f939df0a\Multiplexer.
<suppressed ~64 debug messages>
Optimizing module $paramod$265594dfef13cc9ce39f8657188d42484a49f5ec\MemoryBlock.
<suppressed ~15 debug messages>
Optimizing module $paramod$6bbfd4b9c6bbd8b8029f9f6b747e0ddd70349be3\Multiplexer.
<suppressed ~256 debug messages>
Optimizing module $paramod\Adder\SIZE=s32'00000000000000000000000000100000.
<suppressed ~36 debug messages>
Optimizing module $paramod\Counter\SIZE=s32'00000000000000000000000000000010.
<suppressed ~11 debug messages>
Optimizing module $paramod\Counter\SIZE=s32'00000000000000000000000000000011.
<suppressed ~15 debug messages>
Optimizing module $paramod\Counter\SIZE=s32'00000000000000000000000000000110.
<suppressed ~31 debug messages>
Optimizing module $paramod\HashGeneratorDatapath\SIZE=s32'00000000000000000000000010000000.
Optimizing module $paramod\Multiplier\WIDTH=s32'00000000000000000000000000100000.
<suppressed ~1479 debug messages>
Optimizing module $paramod\Register\SIZE=s32'00000000000000000000000000100000.
Optimizing module HashGenerator.
Optimizing module HashGeneratorController.
<suppressed ~94 debug messages>
Optimizing module RandomGenerator.
Optimizing module RandomGeneratorController.
<suppressed ~31 debug messages>
Optimizing module RandomGeneratorDatapath.

10.22.2. Executing OPT_MERGE pass (detect identical cells).
Finding identical cells in module `$paramod$07a05a8e97bfd10b63d62e10998c9e84f939df0a\Multiplexer'.
Finding identical cells in module `$paramod$265594dfef13cc9ce39f8657188d42484a49f5ec\MemoryBlock'.
<suppressed ~396 debug messages>
Finding identical cells in module `$paramod$6bbfd4b9c6bbd8b8029f9f6b747e0ddd70349be3\Multiplexer'.
Finding identical cells in module `$paramod\Adder\SIZE=s32'00000000000000000000000000100000'.
Finding identical cells in module `$paramod\Counter\SIZE=s32'00000000000000000000000000000010'.
<suppressed ~6 debug messages>
Finding identical cells in module `$paramod\Counter\SIZE=s32'00000000000000000000000000000011'.
<suppressed ~9 debug messages>
Finding identical cells in module `$paramod\Counter\SIZE=s32'00000000000000000000000000000110'.
<suppressed ~18 debug messages>
Finding identical cells in module `$paramod\HashGeneratorDatapath\SIZE=s32'00000000000000000000000010000000'.
Finding identical cells in module `$paramod\Multiplier\WIDTH=s32'00000000000000000000000000100000'.
Finding identical cells in module `$paramod\Register\SIZE=s32'00000000000000000000000000100000'.
Finding identical cells in module `\HashGenerator'.
Finding identical cells in module `\HashGeneratorController'.
<suppressed ~108 debug messages>
Finding identical cells in module `\RandomGenerator'.
Finding identical cells in module `\RandomGeneratorController'.
<suppressed ~12 debug messages>
Finding identical cells in module `\RandomGeneratorDatapath'.
Removed a total of 183 cells.

10.22.3. Executing OPT_DFF pass (perform DFF optimizations).

10.22.4. Executing OPT_CLEAN pass (remove unused cells and wires).
Finding unused cells or wires in module $paramod$07a05a8e97bfd10b63d62e10998c9e84f939df0a\Multiplexer..
Finding unused cells or wires in module $paramod$265594dfef13cc9ce39f8657188d42484a49f5ec\MemoryBlock..
Finding unused cells or wires in module $paramod$6bbfd4b9c6bbd8b8029f9f6b747e0ddd70349be3\Multiplexer..
Finding unused cells or wires in module $paramod\Adder\SIZE=s32'00000000000000000000000000100000..
Finding unused cells or wires in module $paramod\Counter\SIZE=s32'00000000000000000000000000000010..
Finding unused cells or wires in module $paramod\Counter\SIZE=s32'00000000000000000000000000000011..
Finding unused cells or wires in module $paramod\Counter\SIZE=s32'00000000000000000000000000000110..
Finding unused cells or wires in module $paramod\HashGeneratorDatapath\SIZE=s32'00000000000000000000000010000000..
Finding unused cells or wires in module $paramod\Multiplier\WIDTH=s32'00000000000000000000000000100000..
Finding unused cells or wires in module $paramod\Register\SIZE=s32'00000000000000000000000000100000..
Finding unused cells or wires in module \HashGenerator..
Finding unused cells or wires in module \HashGeneratorController..
Finding unused cells or wires in module \RandomGenerator..
Finding unused cells or wires in module \RandomGeneratorController..
Finding unused cells or wires in module \RandomGeneratorDatapath..
Removed 291 unused cells and 495 unused wires.
<suppressed ~302 debug messages>

10.22.5. Finished fast OPT passes.

10.23. Executing ABC pass (technology mapping using ABC).

10.23.1. Extracting gate netlist of module `$paramod$07a05a8e97bfd10b63d62e10998c9e84f939df0a\Multiplexer' to `<abc-temp-dir>/input.blif'..
Extracted 32 gates and 97 wires to a netlist network with 65 inputs and 32 outputs.

10.23.1.1. Executing ABC.
Running ABC command: "<yosys-exe-dir>/yosys-abc" -s -f <abc-temp-dir>/abc.script 2>&1
ABC: ABC command line: "source <abc-temp-dir>/abc.script".
ABC: 
ABC: + read_blif <abc-temp-dir>/input.blif 
ABC: + read_lut <abc-temp-dir>/lutdefs.txt 
ABC: + strash 
ABC: + dretime 
ABC: + if 
ABC: + write_blif <abc-temp-dir>/output.blif 

10.23.1.2. Re-integrating ABC results.
ABC RESULTS:              $lut cells:       96
ABC RESULTS:        internal signals:        0
ABC RESULTS:           input signals:       65
ABC RESULTS:          output signals:       32
Removing temp directory.

10.23.2. Extracting gate netlist of module `$paramod$265594dfef13cc9ce39f8657188d42484a49f5ec\MemoryBlock' to `<abc-temp-dir>/input.blif'..
Extracted 243 gates and 252 wires to a netlist network with 7 inputs and 16 outputs.

10.23.2.1. Executing ABC.
Running ABC command: "<yosys-exe-dir>/yosys-abc" -s -f <abc-temp-dir>/abc.script 2>&1
ABC: ABC command line: "source <abc-temp-dir>/abc.script".
ABC: 
ABC: + read_blif <abc-temp-dir>/input.blif 
ABC: + read_lut <abc-temp-dir>/lutdefs.txt 
ABC: + strash 
ABC: + dretime 
ABC: + if 
ABC: + write_blif <abc-temp-dir>/output.blif 

10.23.2.2. Re-integrating ABC results.
ABC RESULTS:              $lut cells:      469
ABC RESULTS:        internal signals:      229
ABC RESULTS:           input signals:        7
ABC RESULTS:          output signals:       16
Removing temp directory.

10.23.3. Extracting gate netlist of module `$paramod$6bbfd4b9c6bbd8b8029f9f6b747e0ddd70349be3\Multiplexer' to `<abc-temp-dir>/input.blif'..
Extracted 96 gates and 226 wires to a netlist network with 130 inputs and 32 outputs.

10.23.3.1. Executing ABC.
Running ABC command: "<yosys-exe-dir>/yosys-abc" -s -f <abc-temp-dir>/abc.script 2>&1
ABC: ABC command line: "source <abc-temp-dir>/abc.script".
ABC: 
ABC: + read_blif <abc-temp-dir>/input.blif 
ABC: + read_lut <abc-temp-dir>/lutdefs.txt 
ABC: + strash 
ABC: + dretime 
ABC: + if 
ABC: + write_blif <abc-temp-dir>/output.blif 

10.23.3.2. Re-integrating ABC results.
ABC RESULTS:              $lut cells:      288
ABC RESULTS:        internal signals:       64
ABC RESULTS:           input signals:      130
ABC RESULTS:          output signals:       32
Removing temp directory.

10.23.4. Extracting gate netlist of module `$paramod\Adder\SIZE=s32'00000000000000000000000000100000' to `<abc-temp-dir>/input.blif'..
Extracted 220 gates and 284 wires to a netlist network with 64 inputs and 32 outputs.

10.23.4.1. Executing ABC.
Running ABC command: "<yosys-exe-dir>/yosys-abc" -s -f <abc-temp-dir>/abc.script 2>&1
ABC: ABC command line: "source <abc-temp-dir>/abc.script".
ABC: 
ABC: + read_blif <abc-temp-dir>/input.blif 
ABC: + read_lut <abc-temp-dir>/lutdefs.txt 
ABC: + strash 
ABC: + dretime 
ABC: + if 
ABC: + write_blif <abc-temp-dir>/output.blif 

10.23.4.2. Re-integrating ABC results.
ABC RESULTS:              $lut cells:      220
ABC RESULTS:        internal signals:      188
ABC RESULTS:           input signals:       64
ABC RESULTS:          output signals:       32
Removing temp directory.

10.23.5. Extracting gate netlist of module `$paramod\Counter\SIZE=s32'00000000000000000000000000000010' to `<abc-temp-dir>/input.blif'..
Extracted 6 gates and 12 wires to a netlist network with 6 inputs and 4 outputs.

10.23.5.1. Executing ABC.
Running ABC command: "<yosys-exe-dir>/yosys-abc" -s -f <abc-temp-dir>/abc.script 2>&1
ABC: ABC command line: "source <abc-temp-dir>/abc.script".
ABC: 
ABC: + read_blif <abc-temp-dir>/input.blif 
ABC: + read_lut <abc-temp-dir>/lutdefs.txt 
ABC: + strash 
ABC: + dretime 
ABC: + if 
ABC: + write_blif <abc-temp-dir>/output.blif 

10.23.5.2. Re-integrating ABC results.
ABC RESULTS:              $lut cells:        9
ABC RESULTS:        internal signals:        2
ABC RESULTS:           input signals:        6
ABC RESULTS:          output signals:        4
Removing temp directory.

10.23.6. Extracting gate netlist of module `$paramod\Counter\SIZE=s32'00000000000000000000000000000011' to `<abc-temp-dir>/input.blif'..
Extracted 9 gates and 17 wires to a netlist network with 8 inputs and 5 outputs.

10.23.6.1. Executing ABC.
Running ABC command: "<yosys-exe-dir>/yosys-abc" -s -f <abc-temp-dir>/abc.script 2>&1
ABC: ABC command line: "source <abc-temp-dir>/abc.script".
ABC: 
ABC: + read_blif <abc-temp-dir>/input.blif 
ABC: + read_lut <abc-temp-dir>/lutdefs.txt 
ABC: + strash 
ABC: + dretime 
ABC: + if 
ABC: + write_blif <abc-temp-dir>/output.blif 

10.23.6.2. Re-integrating ABC results.
ABC RESULTS:              $lut cells:       14
ABC RESULTS:        internal signals:        4
ABC RESULTS:           input signals:        8
ABC RESULTS:          output signals:        5
Removing temp directory.

10.23.7. Extracting gate netlist of module `$paramod\Counter\SIZE=s32'00000000000000000000000000000110' to `<abc-temp-dir>/input.blif'..
Extracted 20 gates and 34 wires to a netlist network with 14 inputs and 8 outputs.

10.23.7.1. Executing ABC.
Running ABC command: "<yosys-exe-dir>/yosys-abc" -s -f <abc-temp-dir>/abc.script 2>&1
ABC: ABC command line: "source <abc-temp-dir>/abc.script".
ABC: 
ABC: + read_blif <abc-temp-dir>/input.blif 
ABC: + read_lut <abc-temp-dir>/lutdefs.txt 
ABC: + strash 
ABC: + dretime 
ABC: + if 
ABC: + write_blif <abc-temp-dir>/output.blif 

10.23.7.2. Re-integrating ABC results.
ABC RESULTS:              $lut cells:       31
ABC RESULTS:        internal signals:       12
ABC RESULTS:           input signals:       14
ABC RESULTS:          output signals:        8
Removing temp directory.

10.23.8. Extracting gate netlist of module `$paramod\HashGeneratorDatapath\SIZE=s32'00000000000000000000000010000000' to `<abc-temp-dir>/input.blif'..
Extracted 384 gates and 480 wires to a netlist network with 96 inputs and 128 outputs.

10.23.8.1. Executing ABC.
Running ABC command: "<yosys-exe-dir>/yosys-abc" -s -f <abc-temp-dir>/abc.script 2>&1
ABC: ABC command line: "source <abc-temp-dir>/abc.script".
ABC: 
ABC: + read_blif <abc-temp-dir>/input.blif 
ABC: + read_lut <abc-temp-dir>/lutdefs.txt 
ABC: + strash 
ABC: + dretime 
ABC: + if 
ABC: + write_blif <abc-temp-dir>/output.blif 

10.23.8.2. Re-integrating ABC results.
ABC RESULTS:              $lut cells:      288
ABC RESULTS:        internal signals:      256
ABC RESULTS:           input signals:       96
ABC RESULTS:          output signals:      128
Removing temp directory.

10.23.9. Extracting gate netlist of module `$paramod\Multiplier\WIDTH=s32'00000000000000000000000000100000' to `<abc-temp-dir>/input.blif'..
Extracted 1534 gates and 1566 wires to a netlist network with 32 inputs and 32 outputs.

10.23.9.1. Executing ABC.
Running ABC command: "<yosys-exe-dir>/yosys-abc" -s -f <abc-temp-dir>/abc.script 2>&1
ABC: ABC command line: "source <abc-temp-dir>/abc.script".
ABC: 
ABC: + read_blif <abc-temp-dir>/input.blif 
ABC: + read_lut <abc-temp-dir>/lutdefs.txt 
ABC: + strash 
ABC: + dretime 
ABC: + if 
ABC: + write_blif <abc-temp-dir>/output.blif 

10.23.9.2. Re-integrating ABC results.
ABC RESULTS:              $lut cells:     1534
ABC RESULTS:        internal signals:     1502
ABC RESULTS:           input signals:       32
ABC RESULTS:          output signals:       32
Removing temp directory.

10.23.10. Extracting gate netlist of module `$paramod\Register\SIZE=s32'00000000000000000000000000100000' to `<abc-temp-dir>/input.blif'..
Extracted 0 gates and 0 wires to a netlist network with 0 inputs and 0 outputs.
Don't call ABC as there is nothing to map.
Removing temp directory.

10.23.11. Extracting gate netlist of module `\HashGenerator' to `<abc-temp-dir>/input.blif'..
Extracted 0 gates and 0 wires to a netlist network with 0 inputs and 0 outputs.
Don't call ABC as there is nothing to map.
Removing temp directory.

10.23.12. Extracting gate netlist of module `\HashGeneratorController' to `<abc-temp-dir>/input.blif'..
Extracted 97 gates and 106 wires to a netlist network with 8 inputs and 14 outputs.

10.23.12.1. Executing ABC.
Running ABC command: "<yosys-exe-dir>/yosys-abc" -s -f <abc-temp-dir>/abc.script 2>&1
ABC: ABC command line: "source <abc-temp-dir>/abc.script".
ABC: 
ABC: + read_blif <abc-temp-dir>/input.blif 
ABC: + read_lut <abc-temp-dir>/lutdefs.txt 
ABC: + strash 
ABC: + dretime 
ABC: + if 
ABC: + write_blif <abc-temp-dir>/output.blif 

10.23.12.2. Re-integrating ABC results.
ABC RESULTS:              $lut cells:       77
ABC RESULTS:        internal signals:       84
ABC RESULTS:           input signals:        8
ABC RESULTS:          output signals:       14
Removing temp directory.

10.23.13. Extracting gate netlist of module `\RandomGenerator' to `<abc-temp-dir>/input.blif'..
Extracted 0 gates and 0 wires to a netlist network with 0 inputs and 0 outputs.
Don't call ABC as there is nothing to map.
Removing temp directory.

10.23.14. Extracting gate netlist of module `\RandomGeneratorController' to `<abc-temp-dir>/input.blif'..
Extracted 36 gates and 42 wires to a netlist network with 5 inputs and 7 outputs.

10.23.14.1. Executing ABC.
Running ABC command: "<yosys-exe-dir>/yosys-abc" -s -f <abc-temp-dir>/abc.script 2>&1
ABC: ABC command line: "source <abc-temp-dir>/abc.script".
ABC: 
ABC: + read_blif <abc-temp-dir>/input.blif 
ABC: + read_lut <abc-temp-dir>/lutdefs.txt 
ABC: + strash 
ABC: + dretime 
ABC: + if 
ABC: + write_blif <abc-temp-dir>/output.blif 

10.23.14.2. Re-integrating ABC results.
ABC RESULTS:              $lut cells:       28
ABC RESULTS:        internal signals:       30
ABC RESULTS:           input signals:        5
ABC RESULTS:          output signals:        7
Removing temp directory.

10.23.15. Extracting gate netlist of module `\RandomGeneratorDatapath' to `<abc-temp-dir>/input.blif'..
Extracted 9 gates and 23 wires to a netlist network with 14 inputs and 7 outputs.

10.23.15.1. Executing ABC.
Running ABC command: "<yosys-exe-dir>/yosys-abc" -s -f <abc-temp-dir>/abc.script 2>&1
ABC: ABC command line: "source <abc-temp-dir>/abc.script".
ABC: 
ABC: + read_blif <abc-temp-dir>/input.blif 
ABC: + read_lut <abc-temp-dir>/lutdefs.txt 
ABC: + strash 
ABC: + dretime 
ABC: + if 
ABC: + write_blif <abc-temp-dir>/output.blif 

10.23.15.2. Re-integrating ABC results.
ABC RESULTS:              $lut cells:       21
ABC RESULTS:        internal signals:        2
ABC RESULTS:           input signals:       14
ABC RESULTS:          output signals:        7
Removing temp directory.

10.24. Executing OPT pass (performing simple optimizations).

10.24.1. Executing OPT_EXPR pass (perform const folding).
Optimizing module $paramod$07a05a8e97bfd10b63d62e10998c9e84f939df0a\Multiplexer.
Optimizing module $paramod$265594dfef13cc9ce39f8657188d42484a49f5ec\MemoryBlock.
Optimizing module $paramod$6bbfd4b9c6bbd8b8029f9f6b747e0ddd70349be3\Multiplexer.
Optimizing module $paramod\Adder\SIZE=s32'00000000000000000000000000100000.
Optimizing module $paramod\Counter\SIZE=s32'00000000000000000000000000000010.
Optimizing module $paramod\Counter\SIZE=s32'00000000000000000000000000000011.
Optimizing module $paramod\Counter\SIZE=s32'00000000000000000000000000000110.
Optimizing module $paramod\HashGeneratorDatapath\SIZE=s32'00000000000000000000000010000000.
Optimizing module $paramod\Multiplier\WIDTH=s32'00000000000000000000000000100000.
Optimizing module $paramod\Register\SIZE=s32'00000000000000000000000000100000.
Optimizing module HashGenerator.
Optimizing module HashGeneratorController.
Optimizing module RandomGenerator.
Optimizing module RandomGeneratorController.
Optimizing module RandomGeneratorDatapath.

10.24.2. Executing OPT_MERGE pass (detect identical cells).
Finding identical cells in module `$paramod$07a05a8e97bfd10b63d62e10998c9e84f939df0a\Multiplexer'.
Finding identical cells in module `$paramod$265594dfef13cc9ce39f8657188d42484a49f5ec\MemoryBlock'.
<suppressed ~39 debug messages>
Finding identical cells in module `$paramod$6bbfd4b9c6bbd8b8029f9f6b747e0ddd70349be3\Multiplexer'.
Finding identical cells in module `$paramod\Adder\SIZE=s32'00000000000000000000000000100000'.
Finding identical cells in module `$paramod\Counter\SIZE=s32'00000000000000000000000000000010'.
Finding identical cells in module `$paramod\Counter\SIZE=s32'00000000000000000000000000000011'.
Finding identical cells in module `$paramod\Counter\SIZE=s32'00000000000000000000000000000110'.
Finding identical cells in module `$paramod\HashGeneratorDatapath\SIZE=s32'00000000000000000000000010000000'.
Finding identical cells in module `$paramod\Multiplier\WIDTH=s32'00000000000000000000000000100000'.
Finding identical cells in module `$paramod\Register\SIZE=s32'00000000000000000000000000100000'.
Finding identical cells in module `\HashGenerator'.
Finding identical cells in module `\HashGeneratorController'.
Finding identical cells in module `\RandomGenerator'.
Finding identical cells in module `\RandomGeneratorController'.
Finding identical cells in module `\RandomGeneratorDatapath'.
Removed a total of 13 cells.

10.24.3. Executing OPT_DFF pass (perform DFF optimizations).

10.24.4. Executing OPT_CLEAN pass (remove unused cells and wires).
Finding unused cells or wires in module $paramod$07a05a8e97bfd10b63d62e10998c9e84f939df0a\Multiplexer..
Finding unused cells or wires in module $paramod$265594dfef13cc9ce39f8657188d42484a49f5ec\MemoryBlock..
Finding unused cells or wires in module $paramod$6bbfd4b9c6bbd8b8029f9f6b747e0ddd70349be3\Multiplexer..
Finding unused cells or wires in module $paramod\Adder\SIZE=s32'00000000000000000000000000100000..
Finding unused cells or wires in module $paramod\Counter\SIZE=s32'00000000000000000000000000000010..
Finding unused cells or wires in module $paramod\Counter\SIZE=s32'00000000000000000000000000000011..
Finding unused cells or wires in module $paramod\Counter\SIZE=s32'00000000000000000000000000000110..
Finding unused cells or wires in module $paramod\HashGeneratorDatapath\SIZE=s32'00000000000000000000000010000000..
Finding unused cells or wires in module $paramod\Multiplier\WIDTH=s32'00000000000000000000000000100000..
Finding unused cells or wires in module $paramod\Register\SIZE=s32'00000000000000000000000000100000..
Finding unused cells or wires in module \HashGenerator..
Finding unused cells or wires in module \HashGeneratorController..
Finding unused cells or wires in module \RandomGenerator..
Finding unused cells or wires in module \RandomGeneratorController..
Finding unused cells or wires in module \RandomGeneratorDatapath..
Removed 0 unused cells and 1152 unused wires.
<suppressed ~13 debug messages>

10.24.5. Finished fast OPT passes.

10.25. Executing HIERARCHY pass (managing design hierarchy).

10.25.1. Analyzing design hierarchy..
Top module:  \HashGenerator
Used module:     \HashGeneratorController
Used module:     $paramod\HashGeneratorDatapath\SIZE=s32'00000000000000000000000010000000
Used module:         $paramod\Register\SIZE=s32'00000000000000000000000000100000
Used module:         $paramod\Adder\SIZE=s32'00000000000000000000000000100000
Used module:         $paramod\Counter\SIZE=s32'00000000000000000000000000000010
Used module:         $paramod\Counter\SIZE=s32'00000000000000000000000000000110
Used module:         $paramod\Multiplier\WIDTH=s32'00000000000000000000000000100000
Used module:         $paramod$6bbfd4b9c6bbd8b8029f9f6b747e0ddd70349be3\Multiplexer
Used module:         $paramod$07a05a8e97bfd10b63d62e10998c9e84f939df0a\Multiplexer
Used module:         $paramod$265594dfef13cc9ce39f8657188d42484a49f5ec\MemoryBlock
Used module:     \RandomGenerator
Used module:         \RandomGeneratorController
Used module:         \RandomGeneratorDatapath
Used module:             $paramod\Counter\SIZE=s32'00000000000000000000000000000011

10.25.2. Analyzing design hierarchy..
Top module:  \HashGenerator
Used module:     \HashGeneratorController
Used module:     $paramod\HashGeneratorDatapath\SIZE=s32'00000000000000000000000010000000
Used module:         $paramod\Register\SIZE=s32'00000000000000000000000000100000
Used module:         $paramod\Adder\SIZE=s32'00000000000000000000000000100000
Used module:         $paramod\Counter\SIZE=s32'00000000000000000000000000000010
Used module:         $paramod\Counter\SIZE=s32'00000000000000000000000000000110
Used module:         $paramod\Multiplier\WIDTH=s32'00000000000000000000000000100000
Used module:         $paramod$6bbfd4b9c6bbd8b8029f9f6b747e0ddd70349be3\Multiplexer
Used module:         $paramod$07a05a8e97bfd10b63d62e10998c9e84f939df0a\Multiplexer
Used module:         $paramod$265594dfef13cc9ce39f8657188d42484a49f5ec\MemoryBlock
Used module:     \RandomGenerator
Used module:         \RandomGeneratorController
Used module:         \RandomGeneratorDatapath
Used module:             $paramod\Counter\SIZE=s32'00000000000000000000000000000011
Removed 0 unused modules.

10.26. Printing statistics.

=== $paramod$07a05a8e97bfd10b63d62e10998c9e84f939df0a\Multiplexer ===

   Number of wires:                 67
   Number of wire bits:            161
   Number of public wires:           3
   Number of public wire bits:      97
   Number of memories:               0
   Number of memory bits:            0
   Number of processes:              0
   Number of cells:                 96
     $lut                           96

=== $paramod$265594dfef13cc9ce39f8657188d42484a49f5ec\MemoryBlock ===

   Number of wires:                443
   Number of wire bits:            479
   Number of public wires:           3
   Number of public wire bits:      39
   Number of memories:               0
   Number of memory bits:            0
   Number of processes:              0
   Number of cells:                456
     $lut                          456

=== $paramod$6bbfd4b9c6bbd8b8029f9f6b747e0ddd70349be3\Multiplexer ===

   Number of wires:                259
   Number of wire bits:            418
   Number of public wires:           3
   Number of public wire bits:     162
   Number of memories:               0
   Number of memory bits:            0
   Number of processes:              0
   Number of cells:                288
     $lut                          288

=== $paramod\Adder\SIZE=s32'00000000000000000000000000100000 ===

   Number of wires:                191
   Number of wire bits:            284
   Number of public wires:           3
   Number of public wire bits:      96
   Number of memories:               0
   Number of memory bits:            0
   Number of processes:              0
   Number of cells:                220
     $lut                          220

=== $paramod\Counter\SIZE=s32'00000000000000000000000000000010 ===

   Number of wires:                 14
   Number of wire bits:             17
   Number of public wires:           7
   Number of public wire bits:       9
   Number of memories:               0
   Number of memory bits:            0
   Number of processes:              0
   Number of cells:                 11
     $_DFFE_PP0P_                    2
     $lut                            9

=== $paramod\Counter\SIZE=s32'00000000000000000000000000000011 ===

   Number of wires:                 18
   Number of wire bits:             24
   Number of public wires:           7
   Number of public wire bits:      11
   Number of memories:               0
   Number of memory bits:            0
   Number of processes:              0
   Number of cells:                 17
     $_DFFE_PP0P_                    3
     $lut                           14

=== $paramod\Counter\SIZE=s32'00000000000000000000000000000110 ===

   Number of wires:                 32
   Number of wire bits:             47
   Number of public wires:           7
   Number of public wire bits:      17
   Number of memories:               0
   Number of memory bits:            0
   Number of processes:              0
   Number of cells:                 37
     $_DFFE_PP0P_                    6
     $lut                           31

=== $paramod\HashGeneratorDatapath\SIZE=s32'00000000000000000000000010000000 ===

   Number of wires:                217
   Number of wire bits:           2106
   Number of public wires:          57
   Number of public wire bits:    1946
   Number of memories:               0
   Number of memory bits:            0
   Number of processes:              0
   Number of cells:                312
     $lut                          288
     $paramod$07a05a8e97bfd10b63d62e10998c9e84f939df0a\Multiplexer      7
     $paramod$265594dfef13cc9ce39f8657188d42484a49f5ec\MemoryBlock      1
     $paramod$6bbfd4b9c6bbd8b8029f9f6b747e0ddd70349be3\Multiplexer      3
     $paramod\Adder\SIZE=s32'00000000000000000000000000100000      1
     $paramod\Counter\SIZE=s32'00000000000000000000000000000010      1
     $paramod\Counter\SIZE=s32'00000000000000000000000000000110      1
     $paramod\Multiplier\WIDTH=s32'00000000000000000000000000100000      1
     $paramod\Register\SIZE=s32'00000000000000000000000000100000      9

=== $paramod\Multiplier\WIDTH=s32'00000000000000000000000000100000 ===

   Number of wires:               1504
   Number of wire bits:           1566
   Number of public wires:           2
   Number of public wire bits:      64
   Number of memories:               0
   Number of memory bits:            0
   Number of processes:              0
   Number of cells:               1534
     $lut                         1534

=== $paramod\Register\SIZE=s32'00000000000000000000000000100000 ===

   Number of wires:                  5
   Number of wire bits:             67
   Number of public wires:           5
   Number of public wire bits:      67
   Number of memories:               0
   Number of memory bits:            0
   Number of processes:              0
   Number of cells:                 32
     $_SDFFE_PP0P_                  32

=== HashGenerator ===

   Number of wires:                 28
   Number of wire bits:            412
   Number of public wires:          28
   Number of public wire bits:     412
   Number of memories:               0
   Number of memory bits:            0
   Number of processes:              0
   Number of cells:                  3
     $paramod\HashGeneratorDatapath\SIZE=s32'00000000000000000000000010000000      1
     HashGeneratorController         1
     RandomGenerator                 1

=== HashGeneratorController ===

   Number of wires:                 87
   Number of wire bits:             96
   Number of public wires:          22
   Number of public wire bits:      28
   Number of memories:               0
   Number of memory bits:            0
   Number of processes:              0
   Number of cells:                 85
     $_DFF_PP0_                      4
     $_DLATCH_N_                     4
     $lut                           77

=== RandomGenerator ===

   Number of wires:                 11
   Number of wire bits:             17
   Number of public wires:          11
   Number of public wire bits:      17
   Number of memories:               0
   Number of memory bits:            0
   Number of processes:              0
   Number of cells:                  2
     RandomGeneratorController       1
     RandomGeneratorDatapath         1

=== RandomGeneratorController ===

   Number of wires:                 34
   Number of wire bits:             40
   Number of public wires:          11
   Number of public wire bits:      15
   Number of memories:               0
   Number of memory bits:            0
   Number of processes:              0
   Number of cells:                 34
     $_DFF_PP0_                      3
     $_DLATCH_N_                     3
     $lut                           28

=== RandomGeneratorDatapath ===

   Number of wires:                 27
   Number of wire bits:             45
   Number of public wires:          11
   Number of public wire bits:      24
   Number of memories:               0
   Number of memory bits:            0
   Number of processes:              0
   Number of cells:                 28
     $_DFFE_PP0P_                    6
     $lut                           21
     $paramod\Counter\SIZE=s32'00000000000000000000000000000011      1

=== design hierarchy ===

   HashGenerator                     1
     $paramod\HashGeneratorDatapath\SIZE=s32'00000000000000000000000010000000      1
       $paramod$07a05a8e97bfd10b63d62e10998c9e84f939df0a\Multiplexer      7
       $paramod$265594dfef13cc9ce39f8657188d42484a49f5ec\MemoryBlock      1
       $paramod$6bbfd4b9c6bbd8b8029f9f6b747e0ddd70349be3\Multiplexer      3
       $paramod\Adder\SIZE=s32'00000000000000000000000000100000      1
       $paramod\Counter\SIZE=s32'00000000000000000000000000000010      1
       $paramod\Counter\SIZE=s32'00000000000000000000000000000110      1
       $paramod\Multiplier\WIDTH=s32'00000000000000000000000000100000      1
       $paramod\Register\SIZE=s32'00000000000000000000000000100000      9
     HashGeneratorController         1
     RandomGenerator                 1
       RandomGeneratorController      1
       RandomGeneratorDatapath       1
         $paramod\Counter\SIZE=s32'00000000000000000000000000000011      1

   Number of wires:               3897
   Number of wire bits:           8117
   Number of public wires:         244
   Number of public wire bits:    4446
   Number of memories:               0
   Number of memory bits:            0
   Number of processes:              0
   Number of cells:               4533
     $_DFFE_PP0P_                   17
     $_DFF_PP0_                      7
     $_DLATCH_N_                     7
     $_SDFFE_PP0P_                 288
     $lut                         4214

10.27. Executing CHECK pass (checking for obvious problems).
Checking module $paramod$07a05a8e97bfd10b63d62e10998c9e84f939df0a\Multiplexer...
Checking module $paramod$265594dfef13cc9ce39f8657188d42484a49f5ec\MemoryBlock...
Checking module $paramod$6bbfd4b9c6bbd8b8029f9f6b747e0ddd70349be3\Multiplexer...
Checking module $paramod\Adder\SIZE=s32'00000000000000000000000000100000...
Checking module $paramod\Counter\SIZE=s32'00000000000000000000000000000010...
Checking module $paramod\Counter\SIZE=s32'00000000000000000000000000000011...
Checking module $paramod\Counter\SIZE=s32'00000000000000000000000000000110...
Checking module $paramod\HashGeneratorDatapath\SIZE=s32'00000000000000000000000010000000...
Checking module $paramod\Multiplier\WIDTH=s32'00000000000000000000000000100000...
Checking module $paramod\Register\SIZE=s32'00000000000000000000000000100000...
Checking module HashGenerator...
Checking module HashGeneratorController...
Checking module RandomGenerator...
Checking module RandomGeneratorController...
Checking module RandomGeneratorDatapath...
Found and reported 0 problems.

11. Executing Verilog backend.
Dumping module `$paramod$07a05a8e97bfd10b63d62e10998c9e84f939df0a\Multiplexer'.
Dumping module `$paramod$265594dfef13cc9ce39f8657188d42484a49f5ec\MemoryBlock'.
Dumping module `$paramod$6bbfd4b9c6bbd8b8029f9f6b747e0ddd70349be3\Multiplexer'.
Dumping module `$paramod\Adder\SIZE=s32'00000000000000000000000000100000'.
Dumping module `$paramod\Counter\SIZE=s32'00000000000000000000000000000010'.
Dumping module `$paramod\Counter\SIZE=s32'00000000000000000000000000000011'.
Dumping module `$paramod\Counter\SIZE=s32'00000000000000000000000000000110'.
Dumping module `$paramod\HashGeneratorDatapath\SIZE=s32'00000000000000000000000010000000'.
Dumping module `$paramod\Multiplier\WIDTH=s32'00000000000000000000000000100000'.
Dumping module `$paramod\Register\SIZE=s32'00000000000000000000000000100000'.
Dumping module `\HashGenerator'.
Dumping module `\HashGeneratorController'.
Dumping module `\RandomGenerator'.
Dumping module `\RandomGeneratorController'.
Dumping module `\RandomGeneratorDatapath'.

End of script. Logfile hash: f8367a956e, CPU: user 2.58s system 0.03s, MEM: 27.12 MB peak
Yosys 0.33 (git sha1 2584903a060)
Time spent: 37% 1x abc (1 sec), 15% 29x opt_expr (0 sec), ...
